player_name,market_value_eur
James Milner,500000.0
Casemiro,6000000.0
Lukasz Fabianski,150000.0
John Ruddy,100000.0
Tom Heaton,100000.0
Mateo Kovacic,10000000.0
Fraser Forster,400000.0
İlkay Gündoğan,2000000.0
Jordan Henderson,1200000.0
Wes Foderingham,450000.0
Adam Smith,300000.0
Ashley Barnes,150000.0
Danny Welbeck,3000000.0
Séamus Coleman,200000.0
Bernd Leno,6000000.0
Jason Steele,500000.0
Martin Dúbravka,500000.0
Niclas Füllkrug,3500000.0
Nathaniel Clyne,300000.0
Stefan Ortega,4000000.0
Kyle Walker,1500000.0
Václav Hladký,150000.0
Kieran Trippier,1500000.0
Jannik Vestergaard,1000000.0
Karl Darlow,200000.0
Alisson,15000000.0
Jordan Ayew,1800000.0
Chris Wood,5000000.0
Sam Johnstone,2000000.0
Nampalys Mendy,700000.0
Joël Veltman,1500000.0
Granit Xhaka,8000000.0
Emiliano Martínez,12000000.0
Marcus Bettinelli,300000.0
Michael Keane,3000000.0
Alphonse Areola,4000000.0
Adam Davies,200000.0
John Egan,1000000.0
Tom Cairney,500000.0
Simon Moore,75000.0
Callum Wilson,4000000.0
Marco Bizot,1500000.0
Kenny McLean,400000.0
Lucas Digne,6000000.0
Idrissa Gueye,500000.0
Benjamin Lecomte,800000.0
Matz Sels,3500000.0
Jordan Pickford,13000000.0
Ross Barkley,4000000.0
Bertrand Traoré,4000000.0
Dan Burn,4000000.0
Fabian Schär,4000000.0
Daniel Bentley,800000.0
Virgil van Dijk,15000000.0
George Saville,700000.0
Willy Boly,300000.0
Mark Gillespie,100000.0
Leandro Trossard,18000000.0
Wataru Endo,4000000.0
Lewis Dunk,3500000.0
Christian Nørgaard,5000000.0
Mohamed Salah,22000000.0
Paddy McNair,1500000.0
Matt Doherty,1000000.0
James Tarkowski,5000000.0
Nathan Aké,12000000.0
Harry Maguire,8000000.0
Arthur Masuaku,2000000.0
James Ward-Prowse,5000000.0
Luke Shaw,8000000.0
Jamaal Lascelles,2000000.0
Emil Krafth,750000.0
Victor Lindelöf,5000000.0
Bobby De Cordova-Reid,700000.0
John Stones,12000000.0
Ryan Christie,8000000.0
Nick Pope,5000000.0
Kepa Arrizabalaga,5000000.0
Ben Davies,3000000.0
John McGinn,13000000.0
Alex Cairns,50000.0
Remi Matthews,200000.0
Jacob Murphy,12000000.0
Angus Gunn,1000000.0
Jack Grealish,20000000.0
Adama Traoré,6000000.0
Raúl Jiménez,3000000.0
Isaac Hayden,400000.0
Kenny Tete,8000000.0
Will Hughes,5000000.0
Solly March,1000000.0
Adam Webster,3000000.0
Connor Roberts,1500000.0
Tom King,100000.0
Patrick Roberts,3200000.0
Freddie Woodman,3000000.0
Harrison Reed,2000000.0
Andrew Robertson,7000000.0
Ola Aina,18000000.0
Sam Byram,400000.0
Ederson,10000000.0
Bruno Fernandes,35000000.0
Reinildo Mandava,4000000.0
Bernardo Silva,22000000.0
Josh Cullen,4000000.0
Alex Iwobi,20000000.0
Lawrence Vigouroux,450000.0
Saša Lukić,10000000.0
Lewis Cook,11000000.0
Youri Tielemans,30000000.0
José Sá,3500000.0
Adam Armstrong,6000000.0
Matt Targett,3000000.0
Enes Ünal,7000000.0
Semi Ajayi,700000.0
Tyrone Mings,3000000.0
Cameron Burgess,1500000.0
Joe Gomez,13000000.0
João Palhinha,15000000.0
Rúben Dias,55000000.0
Kasey Palmer,900000.0
Tosin Adarabioyo,16000000.0
Dominic Solanke,28000000.0
Dean Henderson,28000000.0
Joachim Andersen,20000000.0
Timothy Castagne,8000000.0
Ryan Manning,2800000.0
David Raya,30000000.0
Jefferson Lerma,6000000.0
Kevin Danso,20000000.0
Vitaly Janelt,16000000.0
Issa Diop,8000000.0
Viktor Johansson,12000000.0
David Brooks,12000000.0
Harry Wilson,25000000.0
Luke O'Nien,700000.0
Tomáš Souček,10000000.0
Dion Charles,500000.0
Manuel Akanji,17000000.0
Marc Cucurella,50000000.0
Guglielmo Vicario,18000000.0
Hee-chan Hwang,6000000.0
Borna Sosa,3000000.0
Jacob Bruun Larsen,4000000.0
James Maddison,20000000.0
Taiwo Awoniyi,8000000.0
Max O'Leary,2000000.0
Walter Benítez,4000000.0
Liam Cullen,3200000.0
Joe Rodon,18000000.0
Mikey Johnston,4000000.0
Dominic Calvert-Lewin,22000000.0
Kai Havertz,55000000.0
Josh Laurent,1500000.0
Lukas Nmecha,10000000.0
Marcus Edwards,6000000.0
Jarrod Bowen,30000000.0
Gianluigi Donnarumma,45000000.0
Martin Ødegaard,65000000.0
Olivier Boscagli,15000000.0
Daniel James,10000000.0
Mathias Jensen,10000000.0
Philip Billing,6000000.0
Emiliano Buendía,16000000.0
Ollie Watkins,25000000.0
Viktor Gyökeres,65000000.0
Matthijs de Ligt,30000000.0
Kristoffer Ajer,18000000.0
Justin Kluivert,25000000.0
Tyler Adams,25000000.0
Sander Berge,25000000.0
Joelinton,25000000.0
Ben White,30000000.0
Altay Bayındır,5000000.0
Mikel Merino,25000000.0
Sebastiaan Bornauw,8000000.0
Tyrell Malacia,4000000.0
Rico Henry,13000000.0
Josh Dasilva,1500000.0
Eddie Nketiah,10000000.0
Reiss Nelson,8000000.0
Joe Willock,14000000.0
Noussair Mazraoui,18000000.0
Caoimhín Kelleher,28000000.0
Alfie Jones,6000000.0
Kyle Walker-Peters,12000000.0
Federico Chiesa,13000000.0
Hamza Choudhury,4000000.0
Axel Tuanzebe,5000000.0
Guido Rodríguez,4000000.0
Anton Stach,28000000.0
Tahith Chong,6000000.0
Trevoh Chalobah,40000000.0
Mason Mount,25000000.0
Sean Longstaff,15000000.0
Noah Okafor,25000000.0
Nordi Mukiele,16000000.0
Alexander Isak,85000000.0
Antonee Robinson,22000000.0
Kalvin Phillips,2500000.0
Lucas Perri,10000000.0
Omar Alderete,13000000.0
Rodrigo Bentancur,20000000.0
Cristian Romero,45000000.0
Daichi Kamada,10000000.0
Ibrahima Konaté,45000000.0
Diogo Dalot,30000000.0
Florentino,16000000.0
Rodri,50000000.0
Jayson Molumby,3500000.0
Mark Travers,3000000.0
Declan Rice,120000000.0
Sven Botman,35000000.0
Gabriel Gudmundsson,20000000.0
Gabriel Jesus,17000000.0
Nik Tzanev,100000.0
Dan Ndoye,32000000.0
Ferdi Kadıoğlu,35000000.0
Joël Piroe,10000000.0
Ivor Pandur,4500000.0
Jaka Bijol,20000000.0
Ibrahim Sangaré,20000000.0
Richarlison,25000000.0
Igor Julio,10000000.0
Egil Selvik,1500000.0
Ilia Gruev,12000000.0
Mike Tresor,2000000.0
Axel Disasi,15000000.0
Yoane Wissa,25000000.0
Mads Roerslev,4000000.0
Hjalmar Ekdal,5000000.0
Chiedozie Ogbene,4000000.0
Marc Guéhi,70000000.0
Emile Smith Rowe,20000000.0
Callum Hudson-Odoi,30000000.0
Ethan Ampadu,30000000.0
Ryan Sessegnon,22000000.0
Brenden Aaronson,22000000.0
Boubacar Kamara,40000000.0
Jimmy Dunne,5000000.0
Sandro Tonali,80000000.0
Harvey Barnes,32000000.0
Marcus Tavernier,25000000.0
Pau Torres,20000000.0
Mads Hermansen,15000000.0
Jadon Sancho,18000000.0
Dara O'Shea,16000000.0
Edson Álvarez,15000000.0
Robert Sánchez,22000000.0
Jordan Beyer,1500000.0
Vitaliy Mykolenko,25000000.0
Tom McGill,500000.0
Phil Foden,70000000.0
Paul Smyth,800000.0
Ismaïla Sarr,40000000.0
Yves Bissouma,10000000.0
Pascal Struijk,22000000.0
Zian Flemming,12000000.0
Giorgi Chakvetadze,3500000.0
Bryan Mbeumo,75000000.0
James Justin,12000000.0
Ezri Konsa,40000000.0
Nikola Milenković,28000000.0
Mats Wieffer,25000000.0
Konstantinos Mavropanos,18000000.0
Joe Worrall,2000000.0
Jack Harrison,6500000.0
Erling Haaland,200000000.0
Jean-Philippe Mateta,30000000.0
Jurriën Timber,70000000.0
George Hirst,10000000.0
Frank Onyeka,8000000.0
Martín Zubimendi,75000000.0
Nathan Patterson,10000000.0
Matty Cash,22000000.0
Ryan Yates,7000000.0
Jakub Kiwior,35000000.0
Ben Brereton Díaz,5000000.0
Aaron Ramsdale,12000000.0
Brandon Austin,500000.0
Riley McGree,3500000.0
Morgan Gibbs-White,70000000.0
Maxim De Cuyper,22000000.0
Jørgen Strand Larsen,40000000.0
Andrew Irving,4500000.0
Dejan Kulusevski,17000000.0
Igor Jesus,25000000.0
John Victor,5000000.0
Bukayo Saka,110000000.0
Tommy Doyle,7000000.0
Curtis Jones,35000000.0
Ethan Galbraith,2500000.0
Maxence Lacroix,50000000.0
Cody Gakpo,60000000.0
Callum Styles,3000000.0
Gabriel,75000000.0
Joshua Zirkzee,20000000.0
Santiago Bueno,10000000.0
Ethan Pinnock,3000000.0
Michael Obafemi,600000.0
Lucas Paquetá,32000000.0
Omar Marmoush,50000000.0
Douglas Luiz,18000000.0
Jean-Ricner Bellegarde,16000000.0
Dominik Szoboszlai,100000000.0
Róbert Boženík,2500000.0
Nick Woltemade,55000000.0
Ellery Balcombe,400000.0
Jack Taylor,3000000.0
Tijjani Reijnders,50000000.0
Calvin Bassey,28000000.0
Benoît Badiashile,15000000.0
Bafodé Diakité,25000000.0
Djordje Petrovic,28000000.0
Jayden Bogle,15000000.0
Nico González,40000000.0
Lyle Foster,8000000.0
Joe Aribo,1800000.0
Nathan Collins,30000000.0
Marcos Senesi,25000000.0
Brennan Johnson,30000000.0
Reece James,60000000.0
Kevin Schade,35000000.0
Brian Brobbey,30000000.0
Crysencio Summerville,35000000.0
Kiernan Dewsbury-Hall,35000000.0
Wesley Fofana,28000000.0
Sorba Thomas,14000000.0
Josko Gvardiol,70000000.0
Manuel Ugarte,25000000.0
Aaron Wan-Bissaka,15000000.0
Ryan Gravenberch,80000000.0
Eberechi Eze,65000000.0
Finn Azaz,20000000.0
Lisandro Martínez,40000000.0
Chris Mepham,3000000.0
David Strelec,8000000.0
Djed Spence,30000000.0
Jeremie Frimpong,35000000.0
Ki-Jana Hoever,3500000.0
Ian Maatsen,30000000.0
Amadou Onana,45000000.0
Jérémy Doku,75000000.0
Edo Kayembe,4000000.0
Liam Millar,1700000.0
Pedro Neto,60000000.0
Randal Kolo Muani,20000000.0
Conor Gallagher,32000000.0
Hákon Valdimarsson,2500000.0
Ao Tanaka,13000000.0
Daniel Muñoz,22000000.0
Wilson Isidor,18000000.0
Jorge Cuenca,8000000.0
William Saliba,100000000.0
Ben Cabango,9000000.0
Nicolás Domínguez,15000000.0
Evann Guessand,25000000.0
Koki Saito,3200000.0
Giorgi Mamardashvili,28000000.0
Riccardo Calafiori,55000000.0
Rhys Williams,500000.0
Neco Williams,28000000.0
Dan Ballard,20000000.0
Anthony Gordon,65000000.0
Morgan Rogers,90000000.0
Jacob Ramsey,35000000.0
Jeremy Ngakia,2200000.0
Tino Livramento,45000000.0
Noni Madueke,50000000.0
Kaoru Mitoma,22000000.0
James Garner,45000000.0
Zan Vipotnik,22000000.0
Aidan Morris,10000000.0
Julián Araujo,8000000.0
Quilindschy Hartman,16000000.0
Trai Hume,22000000.0
Matheus Cunha,75000000.0
Largie Ramazani,8000000.0
Bruno Guimarães,70000000.0
Malick Thiaw,45000000.0
Taty Castellanos,28000000.0
Maximilian Kilman,13000000.0
Amine Adli,20000000.0
Alexis Mac Allister,70000000.0
Amad Diallo,45000000.0
Mykhaylo Mudryk,18000000.0
Georginio Rutter,30000000.0
Mikkel Damsgaard,30000000.0
Sepp van den Berg,32000000.0
Illan Meslier,8000000.0
Rhys Norrington-Davies,2500000.0
Cheick Doucouré,10000000.0
Mohammed Kudus,50000000.0
Anis Ben Slimane,2500000.0
Isaak Davies,1000000.0
Zeki Amdouni,7000000.0
Pedro Porro,35000000.0
Romain Faivre,4000000.0
Destiny Udogie,30000000.0
Micky van de Ven,50000000.0
Harrison Ashby,1200000.0
Fábio Carvalho,8000000.0
Niall Huggins,200000.0
Victor Kristiansen,9000000.0
Bart Verbruggen,40000000.0
Harvey Elliott,20000000.0
James Trafford,25000000.0
Elliot Anderson,75000000.0
Dennis Cirkin,6000000.0
Cole Palmer,100000000.0
Radu Drăgușin,16000000.0
Pape Matar Sarr,30000000.0
Mathias Kvistgaarden,6000000.0
Armando Broja,5000000.0
Jan Paul van Hecke,45000000.0
Rayan Aït-Nouri,40000000.0
Chris Richards,28000000.0
Melker Widell,1800000.0
Eiran Cashin,5000000.0
Will Dennis,350000.0
Anthony Elanga,32000000.0
James McAtee,18000000.0
Antoine Semenyo,80000000.0
Dwight McNeil,18000000.0
Filip Jørgensen,15000000.0
Gavin Bazunu,8000000.0
George Campbell,2000000.0
Myles Peart-Harris,900000.0
Aune Heggebø,7000000.0
Aaron Hickey,16000000.0
Beto,18000000.0
Florian Wirtz,100000000.0
Matheus Nunes,50000000.0
Jean-Clair Todibo,22000000.0
Melker Ellborg,3000000.0
Toti,18000000.0
Rayan Cherki,90000000.0
Hannibal,15000000.0
Loum Tchaouna,13000000.0
Merlin Röhl,16000000.0
William Osula,28000000.0
Ali Al-Hamadi,1500000.0
Liam Delap,28000000.0
James Hill,23000000.0
Bashir Humphreys,12000000.0
Isaac Price,12000000.0
Levi Colwill,50000000.0
Joe White,200000.0
Mirko Topić,4000000.0
Marko Stamenić,3000000.0
Jenson Seelt,5000000.0
Malo Gusto,35000000.0
Kasey McAteer,10000000.0
Cieran Slicker,350000.0
Iliman Ndiaye,55000000.0
Conor Bradley,25000000.0
Rumarn Burrell,6000000.0
Rubin Colwill,2000000.0
João Pedro,80000000.0
Lewis Dobbin,7000000.0
Benjamin Sesko,75000000.0
Wilfried Gnonto,16000000.0
Roméo Lavia,22000000.0
Calvin Ramsay,1500000.0
Enzo Le Fée,28000000.0
Keane Lewis-Potter,25000000.0
Lamare Bogarde,18000000.0
Carl Rushworth,16000000.0
Aaron Ramsey,6000000.0
Cristhian Mosquera,40000000.0
Robin Roefs,28000000.0
James Abankwah,3500000.0
Enzo Fernández,90000000.0
Abdoullah Ba,1500000.0
Adrien Truffert,30000000.0
Gabriel Martinelli,45000000.0
Reece Welch,250000.0
Gabriel Slonina,3000000.0
Simon Adingra,22000000.0
Piero Hincapié,50000000.0
Jarrad Branthwaite,40000000.0
Oscar Bobb,28000000.0
Leo Hjelde,1500000.0
Hector Kyprianou,1500000.0
David Møller Wolfe,8000000.0
Vicente Reyes,350000.0
Tyler Onyango,350000.0
Rodrigo Gomes,15000000.0
Yasin Ayari,35000000.0
Maksym Taloverov,2000000.0
Youssef Chermiti,15000000.0
Dário Essugo,15000000.0
Lewis Hall,40000000.0
James Beadle,6000000.0
Jamie Gittens,30000000.0
Kota Takai,5000000.0
Morato,14000000.0
Leo Walta,3000000.0
Sam Silvera,1500000.0
Antoni Milambo,15000000.0
Jaidon Anthony,20000000.0
Moisés Caicedo,100000000.0
Chadi Riad,15000000.0
Romaine Mundle,7000000.0
Tim Iroegbunam,18000000.0
George Earthy,1000000.0
Freddie Potts,10000000.0
José Córdoba,5000000.0
Hugo Bueno,12000000.0
Ruairi McConville,3000000.0
Rico Lewis,28000000.0
Harvey Davies,500000.0
Jaydon Banel,1000000.0
Ji-sung Eom,1800000.0
Nicolò Savona,15000000.0
Hugo Ekitiké,80000000.0
Evanilson,35000000.0
Jake O'Brien,18000000.0
Lesley Ugochukwu,22000000.0
James Wright,200000.0
Marcelino Núñez,14000000.0
Yerson Mosquera,12000000.0
Yegor Yarmolyuk,32000000.0
Ben Gannon-Doak,15000000.0
Enock Agyei,800000.0
Josh Keeley,800000.0
Bosun Lawal,3000000.0
Tawanda Chirewa,450000.0
Antonín Kinský,15000000.0
Noah Sadiki,35000000.0
Milos Kerkez,35000000.0
Tyrick Mitchell,25000000.0
Teddy Sharman-Lowe,500000.0
Kaide Gordon,1200000.0
James Carragher,250000.0
João Gomes,40000000.0
Rodrigo Muniz,20000000.0
Igor Thiago,65000000.0
Rocco Vata,1800000.0
Matthew Cox,700000.0
Omari Hutchinson,30000000.0
Chemsdine Talbi,25000000.0
Nico O'Reilly,70000000.0
Wilson Odobert,18000000.0
Savinho,35000000.0
Andrey Santos,40000000.0
Adam Wharton,70000000.0
Soungoutou Magassa,17000000.0
Caleb Wiley,8000000.0
Justin Devenny,12000000.0
Elijah Campbell,200000.0
Shea Charles,15000000.0
Carlos Alcaraz,15000000.0
Abdukodir Khusanov,50000000.0
André,25000000.0
Tommy Conway,14000000.0
Mathys Tel,22000000.0
Tammer Bany,250000.0
Alejandro Garnacho,28000000.0
Luke Harris,900000.0
Pablo,18000000.0
Kobbie Mainoo,70000000.0
Alfie Pond,200000.0
Dango Ouattara,35000000.0
Michael Kayode,40000000.0
Max Weiß,4000000.0
Joel Colwill,900000.0
Maxime Estève,28000000.0
Max Alleyne,8000000.0
James McConnell,2000000.0
Lewis Orford,300000.0
Jackson Tchatchoua,12000000.0
Tommy Setford,500000.0
Ben Winterburn,450000.0
Alex Scott,50000000.0
Ashley Phillips,7000000.0
Kaden Rodney,200000.0
Nathan Fraser,600000.0
Abdul Fatawu,20000000.0
Stefan Bajcetic,4000000.0
David Ozoh,2200000.0
Lucas Bergvall,35000000.0
Tyler Dibling,17000000.0
Jack Hinshelwood,28000000.0
Ryan Trevitt,275000.0
Habib Diarra,35000000.0
Amario Cozier-Duberry,5000000.0
Mateus Fernandes,50000000.0
Charlie Crew,150000.0
Kadan Young,200000.0
Myles Lewis-Skelly,45000000.0
Luka Vuskovic,60000000.0
Alex Murphy,1500000.0
Jorrel Hato,40000000.0
Mamadou Sarr,22000000.0
Tyler Fredricson,3000000.0
Sverre Nypan,13000000.0
Jun-ho Bae,4000000.0
Charlie Tasker,200000.0
Lewis Koumas,4000000.0
Oliver Scarles,10000000.0
Archie Gray,35000000.0
Lewis Miley,25000000.0
Leny Yoro,50000000.0
Patrick Dorgu,35000000.0
Lucas Pires,4000000.0
Zach Abbott,4000000.0
Tom Watson,7000000.0
Yu Hirakawa,1000000.0
Tyrique George,20000000.0
Dominic Sadi,800000.0
Harrison Jones,150000.0
Thierno Barry,30000000.0
Adam Aznou,6000000.0
Marc Guiu,12000000.0
Jayden Danns,800000.0
Alexéi Rojas,250000.0
Trent Koné-Doherty,600000.0
Chris Rigg,25000000.0
Stefanos Tzimas,18000000.0
Callum Marshall,2000000.0
Jack Moorhouse,100000.0
Jayden Meghoma,2000000.0
Jamaldeen Jimoh-Aloba,300000.0
Junior Kroupi,70000000.0
Nestory Irankunda,8000000.0
Romain Esse,10000000.0
Eliezer Mayenda,16000000.0
Carlos Baleba,55000000.0
Joe Knight,100000.0
Shumaira Mheuka,800000.0
Callan McKenna,500000.0
Facundo Buonanotte,12000000.0
Jair Cunha,15000000.0
Triston Rowe,500000.0
Callum Olusesi,500000.0
Dylan Lawlor,1800000.0
Veljko Milosavljevic,20000000.0
Luís Guilherme,12000000.0
Matai Akinmboni,1000000.0
Diego Gómez,25000000.0
Alex Tóth,12000000.0
Keiber Lamadrid,1200000.0
Josh Acheampong,25000000.0
Alysson,10000000.0
Murillo,50000000.0
Ronan Kpakio,1200000.0
Jaydee Canvot,28000000.0
Tyler Bindon,3500000.0
Julio Soler,8000000.0
Josh King,25000000.0
Jack Fletcher,1000000.0
Yankuba Minteh,45000000.0
Rayan,60000000.0
Ahmed Abdullahi,800000.0
Adam Harrison,100000.0
Aidan Harris,200000.0
James Wilson,1200000.0
Chido Obi,5000000.0
Trey Nyoni,8000000.0
Rio Cardines,300000.0
Caleb Kporha,1000000.0
Estêvão,80000000.0
Charalampos Kostoulas,25000000.0
Enso González,2500000.0
Andrés García,6000000.0
Harry Howell,300000.0
Jonah Kusi-Asare,3000000.0
Ollie Harrison,300000.0
Ayden Heaven,30000000.0
Mohamadou Kanté,1000000.0
Bendito Mantato,400000.0
Souza,12000000.0
Giovanni Leoni,25000000.0
Remy Rees-Dottin,300000.0
Romelle Donovan,3500000.0
Ezra Mayers,2000000.0
Harrison Armstrong,12000000.0
Amara Nallo,1000000.0
Reggie Walsh,500000.0
Rio Ngumoha,30000000.0
El Hadji Malick Diouf,28000000.0
Jack Porter,300000.0
Yunus Konak,3500000.0
Benjamin Arthur,100000.0
Nils Ramming,500000.0
Malick Yalcouyé,12000000.0
Max Dowman,30000000.0
Bradley Burrowes,2000000.0
Mateus Mané,20000000.0
Diego León,4000000.0
Jocelin Ta Bi,2500000.0
