player_id,player_name,team_id,team,nationality,date_of_birth,age,position,position_group,goals,assists,penalties,matches_played,team_win_rate,team_goals_for_avg,team_goals_against_avg,image_url
3189,Kepa Arrizabalaga,57,Arsenal FC,Spain,1994-10-03,31,Goalkeeper,Goalkeeper,0,0,0,0,0.8,1.6,0.8,https://img.a.transfermarkt.technology/portrait/header/192279-1661855851.jpg?lm=1
4832,David Raya,57,Arsenal FC,Spain,1995-09-15,31,Goalkeeper,Goalkeeper,0,0,0,0,0.8,1.6,0.8,https://img.a.transfermarkt.technology/portrait/header/262749-1780663789.jpg?lm=1
74831,Illan Meslier,57,Arsenal FC,France,2000-03-02,26,Goalkeeper,Goalkeeper,0,0,0,0,0.8,1.6,0.8,https://img.a.transfermarkt.technology/portrait/header/542586-1677685317.jpg?lm=1
6154,Ben White,57,Arsenal FC,England,1997-10-08,28,Defence,Defender,0,0,0,0,0.8,1.6,0.8,https://img.a.transfermarkt.technology/portrait/header/335721-1683275943.jpg?lm=1
6317,Ezri Konsa,57,Arsenal FC,England,1997-10-23,28,Defence,Defender,0,0,0,0,0.8,1.6,0.8,https://img.a.transfermarkt.technology/portrait/header/413403-1700651779.jpg?lm=1
23128,Gabriel Magalhães,57,Arsenal FC,Brazil,1997-12-19,28,Defence,Defender,0,0,0,0,0.8,1.6,0.8,
80171,William Saliba,57,Arsenal FC,France,2001-03-24,25,Defence,Defender,0,0,0,0,0.8,1.6,0.8,https://img.a.transfermarkt.technology/portrait/header/495666-1718697201.jpg?lm=1
98816,Jurrien Timber,57,Arsenal FC,Netherlands,2001-06-17,25,Defence,Defender,0,0,0,0,0.8,1.6,0.8,
125674,Piero Hincapié,57,Arsenal FC,Ecuador,2002-01-09,24,Defence,Defender,0,0,0,0,0.8,1.6,0.8,https://img.a.transfermarkt.technology/portrait/header/659813-1727377918.jpg?lm=1
133512,Riccardo Calafiori,57,Arsenal FC,Italy,2002-05-19,24,Defence,Defender,0,0,0,0,0.8,1.6,0.8,https://img.a.transfermarkt.technology/portrait/header/502821-1727382174.jpg?lm=1
172839,Cristhian Mosquera,57,Arsenal FC,Spain,2004-06-27,22,Defence,Defender,0,0,0,0,0.8,1.6,0.8,https://img.a.transfermarkt.technology/portrait/header/646750-1749739359.jpg?lm=1
1684,Bruno Guimarães,57,Arsenal FC,Brazil,1997-11-16,28,Midfield,Midfielder,1,0,0,4,0.8,1.6,0.8,https://img.a.transfermarkt.technology/portrait/header/520624-1780929894.jpg?lm=1
4032,Eberechi Eze,57,Arsenal FC,England,1998-06-29,28,Midfield,Midfielder,0,0,0,0,0.8,1.6,0.8,https://img.a.transfermarkt.technology/portrait/header/479999-1761083931.jpg?lm=1
7427,Martin Ødegaard,57,Arsenal FC,Norway,1998-12-17,27,Midfield,Midfielder,2,0,0,5,0.8,1.6,0.8,https://img.a.transfermarkt.technology/portrait/header/316264-1782847069.jpg?lm=1
7935,Mikel Merino,57,Arsenal FC,Spain,1996-06-22,30,Midfield,Midfielder,0,0,0,0,0.8,1.6,0.8,https://img.a.transfermarkt.technology/portrait/header/338424-1716803831.jpg?lm=1
8215,Declan Rice,57,Arsenal FC,England,1999-01-14,27,Midfield,Midfielder,0,0,0,0,0.8,1.6,0.8,https://img.a.transfermarkt.technology/portrait/header/357662-1687962936.jpg?lm=1
115035,Martín Zubimendi,57,Arsenal FC,Spain,1999-02-02,27,Midfield,Midfielder,0,0,0,0,0.8,1.6,0.8,https://img.a.transfermarkt.technology/portrait/header/423440-1684149419.jpg?lm=1
244120,Myles Lewis-Skelly,57,Arsenal FC,England,2006-09-26,20,Midfield,Midfielder,0,0,0,0,0.8,1.6,0.8,https://img.a.transfermarkt.technology/portrait/header/890721-1758053582.jpg?lm=1
171,Kai Havertz,57,Arsenal FC,Germany,1999-06-11,27,Offence,Forward,2,0,0,5,0.8,1.6,0.8,https://img.a.transfermarkt.technology/portrait/header/309400-1782889722.jpg?lm=1
8279,Viktor Gyökeres,57,Arsenal FC,Sweden,1998-06-04,28,Offence,Forward,0,0,0,0,0.8,1.6,0.8,https://img.a.transfermarkt.technology/portrait/header/325443-1737581896.jpg?lm=1
99813,Bukayo Saka,57,Arsenal FC,England,2001-09-05,25,Offence,Forward,3,0,1,5,0.8,1.6,0.8,https://img.a.transfermarkt.technology/portrait/header/433177-1684155052.jpg?lm=1
144434,Christos Tzolis,57,Arsenal FC,Greece,2002-01-30,24,Offence,Forward,0,0,0,0,0.8,1.6,0.8,
167720,Noni Madueke,57,Arsenal FC,England,2002-03-10,24,Offence,Forward,0,0,0,0,0.8,1.6,0.8,https://img.a.transfermarkt.technology/portrait/header/503987-1683102348.jpg?lm=1
285128,Max Dowman,57,Arsenal FC,England,2009-12-31,16,Offence,Forward,0,0,0,0,0.8,1.6,0.8,https://img.a.transfermarkt.technology/portrait/header/1187629-1773914587.jpg?lm=1
7675,Marco Bizot,58,Aston Villa FC,Netherlands,1991-03-10,35,Goalkeeper,Goalkeeper,0,0,0,0,0.3,0.8,1.8,https://img.a.transfermarkt.technology/portrait/header/124884-1707302509.jpg?lm=1
118920,Zion Suzuki,58,Aston Villa FC,Japan,2002-08-21,24,Goalkeeper,Goalkeeper,0,0,0,0,0.3,0.8,1.8,
3492,Victor Nilsson-Lindelöf,58,Aston Villa FC,Sweden,1994-07-17,32,Defence,Defender,0,0,0,0,0.3,0.8,1.8,
8158,Aaron Wan-Bissaka,58,Aston Villa FC,Congo DR,1997-11-26,28,Defence,Defender,0,0,0,0,0.3,0.8,1.8,https://img.a.transfermarkt.technology/portrait/header/477758-1769112496.jpg?lm=1
8235,Tyrone Mings,58,Aston Villa FC,England,1993-03-13,33,Defence,Defender,0,0,0,0,0.3,0.8,1.8,https://img.a.transfermarkt.technology/portrait/header/253677-1746644991.jpg?lm=1
11644,Matty Cash,58,Aston Villa FC,Poland,1997-08-07,29,Defence,Defender,0,0,0,0,0.3,0.8,1.8,https://img.a.transfermarkt.technology/portrait/header/425334-1668091733.jpg?lm=1
33109,Pau Torres,58,Aston Villa FC,Spain,1997-01-16,29,Defence,Defender,0,0,0,0,0.3,0.8,1.8,https://img.a.transfermarkt.technology/portrait/header/399776-1765899002.jpg?lm=1
131035,Taylor Harwood-Bellis,58,Aston Villa FC,England,2002-01-30,24,Defence,Defender,0,0,0,0,0.3,0.8,1.8,https://img.a.transfermarkt.technology/portrait/header/503977-1687975943.jpg?lm=1
131120,Ian Maatsen,58,Aston Villa FC,Netherlands,2002-03-10,24,Defence,Defender,0,0,0,0,0.3,0.8,1.8,https://img.a.transfermarkt.technology/portrait/header/485585-1704795222.jpg?lm=1
151241,Matteo Ruggeri,58,Aston Villa FC,Italy,2002-07-11,24,Defence,Defender,0,0,0,0,0.3,0.8,1.8,
276000,Modou Keba Cisse,58,Aston Villa FC,Senegal,2005-08-04,21,Defence,Defender,0,0,0,0,0.3,0.8,1.8,
3181,Leon Goretzka,58,Aston Villa FC,Germany,1995-02-06,31,Midfield,Midfielder,0,0,0,0,0.3,0.8,1.8,
7817,Ross Barkley,58,Aston Villa FC,England,1993-12-05,32,Midfield,Midfielder,0,0,0,0,0.3,0.8,1.8,https://img.a.transfermarkt.technology/portrait/header/131978-1662368517.jpg?lm=1
8346,Boubacar Kamara,58,Aston Villa FC,France,1999-11-23,26,Midfield,Midfielder,0,0,0,0,0.3,0.8,1.8,https://img.a.transfermarkt.technology/portrait/header/394327-1736160460.jpg?lm=1
31941,Emiliano Buendía,58,Aston Villa FC,Argentina,1996-12-25,29,Midfield,Midfielder,1,0,0,5,0.3,0.8,1.8,https://img.a.transfermarkt.technology/portrait/header/321247-1696604099.jpg?lm=1
34646,John McGinn,58,Aston Villa FC,Scotland,1994-10-18,31,Midfield,Midfielder,0,0,0,0,0.3,0.8,1.8,https://img.a.transfermarkt.technology/portrait/header/193116-1689172405.jpg?lm=1
114024,Amadou Onana,58,Aston Villa FC,Belgium,2001-08-16,25,Midfield,Midfielder,0,0,0,0,0.3,0.8,1.8,https://img.a.transfermarkt.technology/portrait/header/485706-1718697649.jpg?lm=1
138034,João Gomes,58,Aston Villa FC,Brazil,2001-02-12,25,Midfield,Midfielder,0,0,0,0,0.3,0.8,1.8,https://img.a.transfermarkt.technology/portrait/header/735570-1675092223.jpg?lm=1
172899,Lamare Bogarde,58,Aston Villa FC,Netherlands,2004-01-05,22,Midfield,Midfielder,0,0,0,0,0.3,0.8,1.8,https://img.a.transfermarkt.technology/portrait/header/645686-1724484880.jpg?lm=1
212309,Johan Manzambi,58,Aston Villa FC,Switzerland,2005-10-14,20,Midfield,Midfielder,1,1,0,2,0.3,0.8,1.8,
7985,Tammy Abraham,58,Aston Villa FC,England,1997-10-02,28,Offence,Forward,0,0,0,0,0.3,0.8,1.8,
152515,Nicolas Jackson,58,Aston Villa FC,Senegal,2001-06-20,25,Offence,Forward,1,0,0,4,0.3,0.8,1.8,
181901,Alejandro Garnacho,58,Aston Villa FC,Argentina,2004-07-01,22,Offence,Forward,0,0,0,0,0.3,0.8,1.8,https://img.a.transfermarkt.technology/portrait/header/811779-1703629085.jpg?lm=1
260718,Alysson,58,Aston Villa FC,Brazil,2006-05-05,20,Offence,Forward,1,0,0,4,0.3,0.8,1.8,https://img.a.transfermarkt.technology/portrait/header/1005583-1756473897.png?lm=1
265040,Ibrahim M'Baye,58,Aston Villa FC,Senegal,2008-01-24,18,Offence,Forward,0,0,0,0,0.3,0.8,1.8,
280446,Brian Madjo,58,Aston Villa FC,Luxembourg,2009-01-12,17,Offence,Forward,0,0,0,0,0.3,0.8,1.8,
289528,George Hemmings,58,Aston Villa FC,England,2007-03-04,19,Offence,Forward,0,0,0,0,0.3,0.8,1.8,https://img.a.transfermarkt.technology/portrait/header/1023191-1767605144.jpg?lm=1
3141,Emiliano Martínez,61,Chelsea FC,Argentina,1992-09-02,34,Goalkeeper,Goalkeeper,0,0,0,0,0.5,2.0,2.4,https://img.a.transfermarkt.technology/portrait/header/111873-1668180824.jpg?lm=1
137544,Gabriel Slonina,61,Chelsea FC,USA,2004-05-15,22,Goalkeeper,Goalkeeper,0,0,0,0,0.5,2.0,2.4,https://img.a.transfermarkt.technology/portrait/header/656316-1645958054.jpg?lm=1
175910,Teddy Sharman-Lowe,61,Chelsea FC,England,2003-01-19,23,Goalkeeper,Goalkeeper,0,0,0,0,0.5,2.0,2.4,https://img.a.transfermarkt.technology/portrait/header/731466-1656922515.jpg?lm=1
191068,Mike Penders,61,Chelsea FC,Belgium,2005-07-31,21,Goalkeeper,Goalkeeper,0,0,0,0,0.5,2.0,2.4,
8545,Wesley Fofana,61,Chelsea FC,France,2000-12-17,25,Defence,Defender,0,0,0,0,0.5,2.0,2.4,https://img.a.transfermarkt.technology/portrait/header/475411-1683899212.jpg?lm=1
56628,Reece James,61,Chelsea FC,England,1999-12-08,26,Defence,Defender,0,0,0,0,0.5,2.0,2.4,https://img.a.transfermarkt.technology/portrait/header/245585-1447774602.jpg?lm=1
56628,Reece James,61,Chelsea FC,England,1999-12-08,26,Defence,Defender,0,0,0,0,0.5,2.0,2.4,https://img.a.transfermarkt.technology/portrait/header/472423-1683900849.jpg?lm=1
82351,Maxence Lacroix,61,Chelsea FC,France,2000-04-06,26,Defence,Defender,0,0,0,0,0.5,2.0,2.4,https://img.a.transfermarkt.technology/portrait/header/434224-1657202248.jpg?lm=1
151251,Pep Chavarría,61,Chelsea FC,Spain,1998-04-10,28,Defence,Defender,0,0,0,0,0.5,2.0,2.4,
152498,Malo Gusto,61,Chelsea FC,France,2003-05-19,23,Defence,Defender,0,0,0,0,0.5,2.0,2.4,https://img.a.transfermarkt.technology/portrait/header/620322-1752061866.jpg?lm=1
170440,Levi Colwill,61,Chelsea FC,England,2003-02-26,23,Defence,Defender,0,0,0,0,0.5,2.0,2.4,https://img.a.transfermarkt.technology/portrait/header/614258-1694614507.jpg?lm=1
189477,Jorrel Hato,61,Chelsea FC,Netherlands,2006-03-07,20,Defence,Defender,0,0,0,0,0.5,2.0,2.4,https://img.a.transfermarkt.technology/portrait/header/904802-1701361717.jpg?lm=1
206136,Marco Palestra,61,Chelsea FC,Italy,2005-03-03,21,Defence,Defender,0,0,0,0,0.5,2.0,2.4,
209148,Aaron Anselmino,61,Chelsea FC,Argentina,2005-04-29,21,Defence,Defender,0,0,0,0,0.5,2.0,2.4,
249320,Josh Acheampong,61,Chelsea FC,England,2006-05-05,20,Defence,Defender,0,0,0,0,0.5,2.0,2.4,https://img.a.transfermarkt.technology/portrait/header/1004708-1715156243.jpg?lm=1
3320,Jordan Henderson,61,Chelsea FC,England,1990-06-17,36,Midfield,Midfielder,0,0,0,0,0.5,2.0,2.4,https://img.a.transfermarkt.technology/portrait/header/61651-1662621084.jpg?lm=1
82140,Morgan Rogers,61,Chelsea FC,England,2002-07-26,24,Midfield,Midfielder,3,1,0,5,0.5,2.0,2.4,https://img.a.transfermarkt.technology/portrait/header/503743-1706786450.jpg?lm=1
121103,Moisés Caicedo,61,Chelsea FC,Ecuador,2001-11-02,24,Midfield,Midfielder,0,0,0,0,0.5,2.0,2.4,https://img.a.transfermarkt.technology/portrait/header/687626-1660729724.jpg?lm=1
144892,Cole Palmer,61,Chelsea FC,England,2002-05-06,24,Midfield,Midfielder,2,2,0,5,0.5,2.0,2.4,https://img.a.transfermarkt.technology/portrait/header/568177-1712320986.jpg?lm=1
170261,Valentin Barco,61,Chelsea FC,Argentina,2004-07-23,22,Midfield,Midfielder,0,0,0,0,0.5,2.0,2.4,
172738,Romeo Lavia,61,Chelsea FC,Belgium,2004-01-06,22,Midfield,Midfielder,1,0,0,5,0.5,2.0,2.4,
205684,Ray Paez,61,Chelsea FC,Ecuador,2007-05-04,19,Midfield,Midfielder,0,0,0,0,0.5,2.0,2.4,
2074,Pedro Neto,61,Chelsea FC,Portugal,2000-03-09,26,Offence,Forward,1,0,0,5,0.5,2.0,2.4,https://img.a.transfermarkt.technology/portrait/header/487465-1763106447.jpg?lm=1
3328,Danny Welbeck,61,Chelsea FC,England,1990-11-26,35,Offence,Forward,0,0,0,0,0.5,2.0,2.4,https://img.a.transfermarkt.technology/portrait/header/67063-1746437656.jpg?lm=1
103125,João Pedro,61,Chelsea FC,Brazil,2001-09-26,25,Offence,Forward,3,3,0,4,0.5,2.0,2.4,https://img.a.transfermarkt.technology/portrait/header/626724-1724792744.jpg?lm=1
150599,Emanuel Emegha,61,Chelsea FC,Netherlands,2003-02-03,23,Offence,Forward,0,0,0,0,0.5,2.0,2.4,
179460,Jamie Bynoe-Gittens,61,Chelsea FC,England,2004-08-08,22,Offence,Forward,0,0,0,0,0.5,2.0,2.4,
229421,Geovany Quenda,61,Chelsea FC,Guinea-Bissau,2007-04-30,19,Offence,Forward,0,0,0,0,0.5,2.0,2.4,
244778,Estevao,61,Chelsea FC,Brazil,2007-04-24,19,Offence,Forward,0,0,0,0,0.5,2.0,2.4,
301113,Mahdi Nicoll-Jazuli,61,Chelsea FC,England,2010-01-06,16,Unknown,Unknown,0,0,0,0,0.5,2.0,2.4,
3309,Jordan Pickford,62,Everton FC,England,1994-03-07,32,Goalkeeper,Goalkeeper,0,0,0,0,0.7,1.2,0.6,https://img.a.transfermarkt.technology/portrait/header/130164-1668499964.jpg?lm=1
6180,Thomas King,62,Everton FC,Wales,1995-03-09,31,Goalkeeper,Goalkeeper,0,0,0,0,0.7,1.2,0.6,
82135,Mark Travers,62,Everton FC,Ireland,1999-05-18,27,Goalkeeper,Goalkeeper,0,0,0,0,0.7,1.2,0.6,https://img.a.transfermarkt.technology/portrait/header/357658-1702296610.jpg?lm=1
3316,James Tarkowski,62,Everton FC,England,1992-11-19,33,Defence,Defender,1,1,0,5,0.7,1.2,0.6,https://img.a.transfermarkt.technology/portrait/header/173504-1655979328.jpg?lm=1
7792,Ainsley Maitland-Niles,62,Everton FC,England,1997-08-29,29,Defence,Defender,1,0,0,3,0.7,1.2,0.6,
7829,Michael Keane,62,Everton FC,England,1993-01-11,33,Defence,Defender,0,0,0,0,0.7,1.2,0.6,https://img.a.transfermarkt.technology/portrait/header/118534-1687967021.jpg?lm=1
16165,Vitalii Mykolenko,62,Everton FC,Ukraine,1999-05-29,27,Defence,Defender,0,0,0,0,0.7,1.2,0.6,
114120,Jarrad Branthwaite,62,Everton FC,England,2002-06-27,24,Defence,Defender,0,0,0,0,0.7,1.2,0.6,https://img.a.transfermarkt.technology/portrait/header/661053-1687975679.jpg?lm=1
131569,Jake O'Brien,62,Everton FC,Ireland,2001-05-15,25,Defence,Defender,0,0,0,0,0.7,1.2,0.6,https://img.a.transfermarkt.technology/portrait/header/711544-1662362868.jpg?lm=1
24102,Christian Nørgaard,62,Everton FC,Denmark,1994-03-10,32,Midfield,Midfielder,0,0,0,0,0.7,1.2,0.6,https://img.a.transfermarkt.technology/portrait/header/148367-1699799827.jpg?lm=1
101076,James Garner,62,Everton FC,England,2001-03-13,25,Midfield,Midfielder,0,0,0,0,0.7,1.2,0.6,https://img.a.transfermarkt.technology/portrait/header/505219-1662067244.jpg?lm=1
136284,Hayden Hackney,62,Everton FC,England,2002-06-26,24,Midfield,Midfielder,0,0,0,0,0.7,1.2,0.6,
140194,Kiernan Dewsbury Hall,62,Everton FC,England,1998-09-06,28,Midfield,Midfielder,1,0,0,5,0.7,1.2,0.6,
140269,Carlos Alcaraz,62,Everton FC,Argentina,2002-11-30,23,Midfield,Midfielder,0,0,0,0,0.7,1.2,0.6,https://img.a.transfermarkt.technology/portrait/header/748319-1694617058.jpg?lm=1
156552,Merlin Röhl,62,Everton FC,Germany,2002-07-05,24,Midfield,Midfielder,0,0,0,0,0.7,1.2,0.6,https://img.a.transfermarkt.technology/portrait/header/608832-1726649794.jpg?lm=1
264281,Harrison Armstrong,62,Everton FC,England,2007-01-19,19,Midfield,Midfielder,0,0,0,0,0.7,1.2,0.6,https://img.a.transfermarkt.technology/portrait/header/1107733-1736161319.jpg?lm=1
3895,Jack Grealish,62,Everton FC,England,1995-09-10,31,Offence,Forward,0,0,0,0,0.7,1.2,0.6,https://img.a.transfermarkt.technology/portrait/header/203460-1676499047.jpg?lm=1
124694,Brennan Johnson,62,Everton FC,Wales,2001-05-23,25,Offence,Forward,0,0,0,0,0.7,1.2,0.6,https://img.a.transfermarkt.technology/portrait/header/470607-1692959021.jpg?lm=1
171995,Thierno Barry,62,Everton FC,France,2000-01-12,26,Offence,Forward,2,0,0,5,0.7,1.2,0.6,https://img.a.transfermarkt.technology/portrait/header/937941-1743672693.jpg?lm=1
218525,Tyler Dibling,62,Everton FC,England,2006-02-17,20,Offence,Forward,0,0,0,0,0.7,1.2,0.6,https://img.a.transfermarkt.technology/portrait/header/866655-1724485194.jpg?lm=1
250436,Tyrique George,62,Everton FC,England,2006-02-04,20,Offence,Forward,1,0,0,5,0.7,1.2,0.6,https://img.a.transfermarkt.technology/portrait/header/936874-1731016609.jpg?lm=1
3174,Bernd Leno,63,Fulham FC,Germany,1992-03-04,34,Goalkeeper,Goalkeeper,0,0,0,0,0.2,1.0,1.6,https://img.a.transfermarkt.technology/portrait/header/72476-1774470314.jpg?lm=1
8366,Benjamin Lecomte,63,Fulham FC,France,1991-04-26,35,Goalkeeper,Goalkeeper,0,0,0,0,0.2,1.0,1.6,https://img.a.transfermarkt.technology/portrait/header/127181-1702663657.JPG?lm=1
300279,Alex Borto,63,Fulham FC,United States,2003-11-06,22,Goalkeeper,Goalkeeper,0,0,0,0,0.2,1.0,1.6,
1836,Timothy Castagne,63,Fulham FC,Belgium,1995-12-05,30,Defence,Defender,0,0,0,0,0.2,1.0,1.6,https://img.a.transfermarkt.technology/portrait/header/262226-1762354618.jpg?lm=1
2253,Joachim Andersen,63,Fulham FC,Denmark,1996-05-31,30,Defence,Defender,0,0,0,0,0.2,1.0,1.6,https://img.a.transfermarkt.technology/portrait/header/260827-1668183482.jpg?lm=1
3927,Antonee Robinson,63,Fulham FC,USA,1997-08-08,29,Defence,Defender,0,0,0,0,0.2,1.0,1.6,https://img.a.transfermarkt.technology/portrait/header/349701-1703926612.jpg?lm=1
3959,Ryan Sessegnon,63,Fulham FC,England,2000-05-18,26,Defence,Defender,0,0,0,0,0.2,1.0,1.6,https://img.a.transfermarkt.technology/portrait/header/392775-1722077271.jpg?lm=1
8460,Kenny Tete,63,Fulham FC,Netherlands,1995-10-09,30,Defence,Defender,0,0,0,0,0.2,1.0,1.6,https://img.a.transfermarkt.technology/portrait/header/206746-1746645948.jpg?lm=1
98750,Jorge Cuenca,63,Fulham FC,Spain,1999-11-17,26,Defence,Defender,0,0,0,0,0.2,1.0,1.6,https://img.a.transfermarkt.technology/portrait/header/494880-1737920132.jpg?lm=1
123212,David Affengruber,63,Fulham FC,Austria,2001-03-19,25,Defence,Defender,0,0,0,0,0.2,1.0,1.6,
146154,Calvin Bassey,63,Fulham FC,Nigeria,1999-12-31,26,Defence,Defender,0,0,0,0,0.2,1.0,1.6,https://img.a.transfermarkt.technology/portrait/header/461883-1662989506.jpg?lm=1
217596,Luc De Fougerolles,63,Fulham FC,Canada,2005-10-12,20,Defence,Defender,0,0,0,0,0.2,1.0,1.6,
3965,Tom Cairney,63,Fulham FC,England,1991-01-20,35,Midfield,Midfielder,0,0,0,0,0.2,1.0,1.6,https://img.a.transfermarkt.technology/portrait/header/123275-1651652849.jpg?lm=1
3995,Harrison Reed,63,Fulham FC,England,1995-01-27,31,Midfield,Midfielder,0,0,0,0,0.2,1.0,1.6,https://img.a.transfermarkt.technology/portrait/header/226973-1762354305.jpg?lm=1
8973,Sander Berge,63,Fulham FC,Norway,1998-02-14,28,Midfield,Midfielder,0,0,0,0,0.2,1.0,1.6,https://img.a.transfermarkt.technology/portrait/header/333014-1780049344.jpg?lm=1
85570,Emile Smith Rowe,63,Fulham FC,England,2000-07-28,26,Midfield,Midfielder,0,0,0,0,0.2,1.0,1.6,https://img.a.transfermarkt.technology/portrait/header/392765-1684164628.jpg?lm=1
180563,Hugo Larsson,63,Fulham FC,Sweden,2004-06-27,22,Midfield,Midfielder,0,0,0,0,0.2,1.0,1.6,
192108,Shea Charles,63,Fulham FC,Northern Ireland,2003-11-05,22,Midfield,Midfielder,0,0,0,0,0.2,1.0,1.6,https://img.a.transfermarkt.technology/portrait/header/747951-1709112622.jpg?lm=1
246418,Joshua King,63,Fulham FC,England,2007-01-03,19,Midfield,Midfielder,2,0,0,5,0.2,1.0,1.6,
290848,César Palacios,63,Fulham FC,Spain,2004-11-11,21,Midfield,Midfielder,1,0,0,5,0.2,1.0,1.6,
291727,Manuel Angel,63,Fulham FC,Spain,2004-03-15,22,Midfield,Midfielder,0,0,0,0,0.2,1.0,1.6,
3392,Alex Iwobi,63,Fulham FC,Nigeria,1996-05-03,30,Offence,Forward,0,0,0,0,0.2,1.0,1.6,https://img.a.transfermarkt.technology/portrait/header/242631-1679652866.jpg?lm=1
138036,Rodrigo Muniz,63,Fulham FC,Brazil,2001-05-04,25,Offence,Forward,0,0,0,0,0.2,1.0,1.6,https://img.a.transfermarkt.technology/portrait/header/735571-1657802369.jpg?lm=1
179122,Kevin Santos,63,Fulham FC,Brazil,2003-01-04,23,Offence,Forward,0,0,0,0,0.2,1.0,1.6,
179716,Oscar Bobb,63,Fulham FC,Norway,2003-07-12,23,Offence,Forward,0,0,0,0,0.2,1.0,1.6,https://img.a.transfermarkt.technology/portrait/header/661207-1770716679.png?lm=1
217577,Jonah Kusi-Asare,63,Fulham FC,Sweden,2007-07-04,19,Offence,Forward,0,0,0,0,0.2,1.0,1.6,https://img.a.transfermarkt.technology/portrait/header/1069512-1739808814.jpg?lm=1
217658,Gonzalo García,63,Fulham FC,Spain,2004-03-24,22,Offence,Forward,1,0,0,5,0.2,1.0,1.6,
1795,Alisson Becker,64,Liverpool FC,Brazil,1992-10-02,33,Goalkeeper,Goalkeeper,0,0,0,0,0.7,1.4,0.8,
11629,Freddie Woodman,64,Liverpool FC,England,1997-03-04,29,Goalkeeper,Goalkeeper,0,0,0,0,0.7,1.4,0.8,https://img.a.transfermarkt.technology/portrait/header/226049-1737883837.jpg?lm=1
84506,Giorgi Mamardashvili,64,Liverpool FC,Georgia,2000-09-29,25,Goalkeeper,Goalkeeper,0,0,0,0,0.7,1.4,0.8,https://img.a.transfermarkt.technology/portrait/header/502676-1716542116.jpg?lm=1
152579,Vítězslav Jaroš,64,Liverpool FC,Czech Republic,2001-07-23,25,Goalkeeper,Goalkeeper,0,0,0,0,0.7,1.4,0.8,
165154,Harvey Davies,64,Liverpool FC,England,2003-09-03,23,Goalkeeper,Goalkeeper,0,0,0,0,0.7,1.4,0.8,https://img.a.transfermarkt.technology/portrait/header/706815-1755504936.jpg?lm=1
7383,Kostas Tsimikas,64,Liverpool FC,Greece,1996-05-12,30,Defence,Defender,0,0,0,0,0.7,1.4,0.8,
7862,Joe Gomez,64,Liverpool FC,England,1997-05-23,29,Defence,Defender,0,0,0,0,0.7,1.4,0.8,https://img.a.transfermarkt.technology/portrait/header/256178-1746645094.jpg?lm=1
7869,Virgil van Dijk,64,Liverpool FC,Netherlands,1991-07-08,35,Defence,Defender,0,0,0,0,0.7,1.4,0.8,https://img.a.transfermarkt.technology/portrait/header/139208-1702049837.jpg?lm=1
28292,Ronald Araújo,64,Liverpool FC,Uruguay,1999-03-07,27,Defence,Defender,0,0,0,0,0.7,1.4,0.8,
128954,Jeremie Frimpong,64,Liverpool FC,Netherlands,2000-12-10,25,Defence,Defender,0,0,0,0,0.7,1.4,0.8,https://img.a.transfermarkt.technology/portrait/header/484547-1689710682.jpg?lm=1
171141,Milos Kerkez,64,Liverpool FC,Hungary,2003-11-07,22,Defence,Defender,0,0,0,0,0.7,1.4,0.8,https://img.a.transfermarkt.technology/portrait/header/730861-1773172293.jpg?lm=1
175865,Conor Bradley,64,Liverpool FC,Northern Ireland,2003-07-09,23,Defence,Defender,0,0,0,0,0.7,1.4,0.8,https://img.a.transfermarkt.technology/portrait/header/624258-1762340233.jpg?lm=1
192563,Giovanni Leoni,64,Liverpool FC,Italy,2006-12-21,19,Defence,Defender,0,0,0,0,0.7,1.4,0.8,https://img.a.transfermarkt.technology/portrait/header/1086619-1751532399.jpg?lm=1
206127,Jeremy Jacquet,64,Liverpool FC,France,2005-07-13,21,Defence,Defender,0,0,0,0,0.7,1.4,0.8,
3269,Wataru Endō,64,Liverpool FC,Japan,1993-02-09,33,Midfield,Midfielder,0,0,0,0,0.7,1.4,0.8,
16347,Dominik Szoboszlai,64,Liverpool FC,Hungary,2000-10-25,25,Midfield,Midfielder,1,0,1,5,0.7,1.4,0.8,https://img.a.transfermarkt.technology/portrait/header/451276-1758715234.jpg?lm=1
19334,Florian Wirtz,64,Liverpool FC,Germany,2003-05-03,23,Midfield,Midfielder,0,0,0,0,0.7,1.4,0.8,https://img.a.transfermarkt.technology/portrait/header/598577-1781163178.jpg?lm=1
45681,Alexis Mac Allister,64,Liverpool FC,Argentina,1998-12-24,27,Midfield,Midfielder,0,0,0,0,0.7,1.4,0.8,https://img.a.transfermarkt.technology/portrait/header/534033-1669835342.jpg?lm=1
81793,Ryan Gravenberch,64,Liverpool FC,Netherlands,2002-05-16,24,Midfield,Midfielder,0,0,0,0,0.7,1.4,0.8,https://img.a.transfermarkt.technology/portrait/header/478573-1718097194.jpg?lm=1
230517,Trey Nyoni,64,Liverpool FC,England,2007-06-30,19,Midfield,Midfielder,0,0,0,0,0.7,1.4,0.8,https://img.a.transfermarkt.technology/portrait/header/1045123-1708933240.jpg?lm=1
1780,Federico Chiesa,64,Liverpool FC,Italy,1997-10-25,28,Offence,Forward,0,0,0,0,0.7,1.4,0.8,https://img.a.transfermarkt.technology/portrait/header/341092-1663576975.jpg?lm=1
6486,Alexander Isak,64,Liverpool FC,Sweden,1999-09-21,27,Offence,Forward,4,0,0,5,0.7,1.4,0.8,https://img.a.transfermarkt.technology/portrait/header/349066-1680791339.jpg?lm=1
7459,Cody Gakpo,64,Liverpool FC,Netherlands,1999-05-07,27,Offence,Forward,1,3,0,5,0.7,1.4,0.8,https://img.a.transfermarkt.technology/portrait/header/434675-1682690965.jpg?lm=1
152454,Hugo Ekitike,64,Liverpool FC,France,2002-06-20,24,Offence,Forward,0,0,0,0,0.7,1.4,0.8,
172762,Bradley Barcola,64,Liverpool FC,France,2002-09-02,24,Offence,Forward,0,0,0,0,0.7,1.4,0.8,
273423,Víctor Muñoz,64,Liverpool FC,Spain,2003-07-13,23,Offence,Forward,1,0,0,5,0.7,1.4,0.8,
273453,Rio Ngumoha,64,Liverpool FC,England,2008-08-29,18,Offence,Forward,0,0,0,0,0.7,1.4,0.8,https://img.a.transfermarkt.technology/portrait/header/1108466-1730834754.jpg?lm=1
6,Géronimo Rulli,65,Manchester City FC,Argentina,1992-05-20,34,Goalkeeper,Goalkeeper,0,0,0,0,1.0,2.6,1.0,
1731,Gianluigi Donnarumma,65,Manchester City FC,Italy,1999-02-25,27,Goalkeeper,Goalkeeper,0,0,0,0,1.0,2.6,1.0,https://img.a.transfermarkt.technology/portrait/header/315858-1761076746.jpg?lm=1
3953,Marcus Bettinelli,65,Manchester City FC,England,1992-05-24,34,Goalkeeper,Goalkeeper,0,0,0,0,1.0,2.6,1.0,https://img.a.transfermarkt.technology/portrait/header/116648-1700671752.jpg?lm=1
8642,Rayan Aït Nouri,65,Manchester City FC,Algeria,2001-06-06,25,Defence,Defender,0,0,0,0,1.0,2.6,1.0,
10183,Rúben Dias,65,Manchester City FC,Portugal,1997-05-14,29,Defence,Defender,0,0,0,0,1.0,2.6,1.0,https://img.a.transfermarkt.technology/portrait/header/258004-1684921271.jpg?lm=1
91512,Matheus Nunes,65,Manchester City FC,Portugal,1998-08-27,28,Defence,Defender,0,0,0,0,1.0,2.6,1.0,https://img.a.transfermarkt.technology/portrait/header/601883-1761076097.jpg?lm=1
118489,Marc Guéhi,65,Manchester City FC,England,2000-07-13,26,Defence,Defender,1,1,0,5,1.0,2.6,1.0,https://img.a.transfermarkt.technology/portrait/header/392757-1683030598.jpg?lm=1
122266,Joško Gvardiol,65,Manchester City FC,Croatia,2002-01-23,24,Defence,Defender,1,2,0,5,1.0,2.6,1.0,
172791,Josh Wilson-Esbrand,65,Manchester City FC,England,2002-12-26,23,Defence,Defender,0,0,0,0,1.0,2.6,1.0,
187202,Rico Lewis,65,Manchester City FC,England,2004-11-21,21,Defence,Defender,0,0,0,0,1.0,2.6,1.0,https://img.a.transfermarkt.technology/portrait/header/701057-1684856684.jpg?lm=1
206743,Nico O'Reilly,65,Manchester City FC,England,2005-03-21,21,Defence,Defender,0,0,0,0,1.0,2.6,1.0,https://img.a.transfermarkt.technology/portrait/header/743413-1751367149.jpg?lm=1
212868,Abdukodir Khusanov,65,Manchester City FC,Uzbekistan,2004-02-29,22,Defence,Defender,0,0,0,0,1.0,2.6,1.0,https://img.a.transfermarkt.technology/portrait/header/763079-1740493347.jpg?lm=1
249196,Vitor Reis,65,Manchester City FC,Brazil,2006-01-12,20,Defence,Defender,0,0,0,0,1.0,2.6,1.0,
65,Mateo Kovačić,65,Manchester City FC,Croatia,1994-05-06,32,Midfield,Midfielder,0,0,0,0,1.0,2.6,1.0,
7888,Phil Foden,65,Manchester City FC,England,2000-05-28,26,Midfield,Midfielder,0,0,0,0,1.0,2.6,1.0,https://img.a.transfermarkt.technology/portrait/header/406635-1668524492.jpg?lm=1
102603,Enzo Fernández,65,Manchester City FC,Argentina,2001-01-17,25,Midfield,Midfielder,1,0,0,4,1.0,2.6,1.0,https://img.a.transfermarkt.technology/portrait/header/648195-1669894717.jpg?lm=1
107330,Elliot Anderson,65,Manchester City FC,England,2002-11-06,23,Midfield,Midfielder,0,0,0,0,1.0,2.6,1.0,https://img.a.transfermarkt.technology/portrait/header/567576-1696453772.jpg?lm=1
133242,Rayan Cherki,65,Manchester City FC,France,2003-08-17,23,Midfield,Midfielder,3,2,0,5,1.0,2.6,1.0,https://img.a.transfermarkt.technology/portrait/header/607223-1773302431.jpg?lm=1
221819,Ayyoub Bouaddi,65,Manchester City FC,France,2007-10-02,18,Midfield,Midfielder,0,0,0,0,1.0,2.6,1.0,
4417,Antoine Semenyo,65,Manchester City FC,Ghana,2000-01-07,26,Offence,Forward,2,3,0,5,1.0,2.6,1.0,https://img.a.transfermarkt.technology/portrait/header/583255-1737452028.jpg?lm=1
38101,Erling Haaland,65,Manchester City FC,Norway,2000-07-21,26,Offence,Forward,5,0,0,5,1.0,2.6,1.0,https://img.a.transfermarkt.technology/portrait/header/418560-1709108116.png?lm=1
94091,Iliman Ndiaye,65,Manchester City FC,Senegal,2000-03-06,26,Offence,Forward,0,0,0,0,1.0,2.6,1.0,https://img.a.transfermarkt.technology/portrait/header/623570-1765811829.jpg?lm=1
99775,Jeremy Doku,65,Manchester City FC,Belgium,2002-05-27,24,Offence,Forward,0,0,0,0,1.0,2.6,1.0,
274216,Allan,65,Manchester City FC,Brazil,2004-04-19,22,Offence,Forward,0,0,0,0,1.0,2.6,1.0,
286950,Ryan McAidoo,65,Manchester City FC,England,2008-06-24,18,Offence,Forward,0,0,0,0,1.0,2.6,1.0,https://img.a.transfermarkt.technology/portrait/header/1187640-1729774632.jpg?lm=1
7913,Karl Darlow,66,Manchester United FC,Wales,1990-10-08,35,Goalkeeper,Goalkeeper,0,0,0,0,0.4,1.6,1.6,https://img.a.transfermarkt.technology/portrait/header/99397-1724939153.jpg?lm=1
8035,Tom Heaton,66,Manchester United FC,England,1986-04-15,40,Goalkeeper,Goalkeeper,0,0,0,0,0.4,1.6,1.6,https://img.a.transfermarkt.technology/portrait/header/34130-1688121718.jpg?lm=1
129946,Senne Lammens,66,Manchester United FC,Belgium,2002-07-07,24,Goalkeeper,Goalkeeper,0,0,0,0,0.4,1.6,1.6,
210730,Dermot Mee,66,Manchester United FC,Northern Ireland,2002-11-20,23,Goalkeeper,Goalkeeper,0,0,0,0,0.4,1.6,1.6,https://img.a.transfermarkt.technology/portrait/header/620362-1746691943.jpg?lm=1
3326,Harry Maguire,66,Manchester United FC,England,1993-03-05,33,Defence,Defender,0,0,0,0,0.4,1.6,1.6,https://img.a.transfermarkt.technology/portrait/header/177907-1663841733.jpg?lm=1
7549,Matthijs de Ligt,66,Manchester United FC,Netherlands,1999-08-12,27,Defence,Defender,0,0,0,0,0.4,1.6,1.6,https://img.a.transfermarkt.technology/portrait/header/326031-1700659567.jpg?lm=1
7553,Noussair Mazraoui,66,Manchester United FC,Morocco,1997-11-14,28,Defence,Defender,0,0,0,0,0.4,1.6,1.6,https://img.a.transfermarkt.technology/portrait/header/340456-1783200177.jpg?lm=1
7898,Luke Shaw,66,Manchester United FC,England,1995-07-12,31,Defence,Defender,0,0,0,0,0.4,1.6,1.6,https://img.a.transfermarkt.technology/portrait/header/183288-1668500175.jpg?lm=1
15905,Diogo Dalot,66,Manchester United FC,Portugal,1999-03-18,27,Defence,Defender,0,0,0,0,0.4,1.6,1.6,https://img.a.transfermarkt.technology/portrait/header/357147-1727785546.jpg?lm=1
46451,Lisandro Martínez,66,Manchester United FC,Argentina,1998-01-18,28,Defence,Defender,0,0,0,0,0.4,1.6,1.6,https://img.a.transfermarkt.technology/portrait/header/480762-1680681507.jpg?lm=1
181933,Leny Yoro,66,Manchester United FC,France,2005-11-13,20,Defence,Defender,0,0,0,0,0.4,1.6,1.6,https://img.a.transfermarkt.technology/portrait/header/923831-1747857948.jpg?lm=1
210150,Harry Amass,66,Manchester United FC,England,2007-03-16,19,Defence,Defender,0,0,0,0,0.4,1.6,1.6,https://img.a.transfermarkt.technology/portrait/header/1011738-1712585934.jpg?lm=1
247644,Ayden Heaven,66,Manchester United FC,England,2006-09-22,20,Defence,Defender,0,0,0,0,0.4,1.6,1.6,https://img.a.transfermarkt.technology/portrait/header/1078163-1727382016.jpg?lm=1
3257,Bruno Fernandes,66,Manchester United FC,Portugal,1994-09-08,32,Midfield,Midfielder,3,1,1,5,0.4,1.6,1.6,https://img.a.transfermarkt.technology/portrait/header/240306-1683882766.jpg?lm=1
3658,Youri Tielemans,66,Manchester United FC,Belgium,1997-05-07,29,Midfield,Midfielder,0,0,0,0,0.4,1.6,1.6,https://img.a.transfermarkt.technology/portrait/header/249565-1716886438.jpg?lm=1
7599,Mason Mount,66,Manchester United FC,England,1999-01-10,27,Midfield,Midfielder,0,0,0,0,0.4,1.6,1.6,https://img.a.transfermarkt.technology/portrait/header/346483-1683291495.jpg?lm=1
28549,Manuel Ugarte,66,Manchester United FC,Uruguay,2001-04-11,25,Midfield,Midfielder,0,0,0,0,0.4,1.6,1.6,https://img.a.transfermarkt.technology/portrait/header/476701-1715107512.jpg?lm=1
166366,Andrey Santos,66,Manchester United FC,Brazil,2004-05-03,22,Midfield,Midfielder,0,0,0,0,0.4,1.6,1.6,https://img.a.transfermarkt.technology/portrait/header/743600-1732576153.png?lm=1
178604,Carlos Baleba,66,Manchester United FC,Cameroon,2004-01-03,22,Midfield,Midfielder,0,0,0,0,0.4,1.6,1.6,https://img.a.transfermarkt.technology/portrait/header/973085-1666690662.jpg?lm=1
190797,Kobbie Mainoo,66,Manchester United FC,England,2005-04-19,21,Midfield,Midfielder,0,0,0,0,0.4,1.6,1.6,https://img.a.transfermarkt.technology/portrait/header/820374-1719349758.jpg?lm=1
271941,Jack Fletcher,66,Manchester United FC,England,2007-03-19,19,Midfield,Midfielder,0,0,0,0,0.4,1.6,1.6,https://img.a.transfermarkt.technology/portrait/header/1011140-1739789239.jpg?lm=1
290139,Tyler Fletcher,66,Manchester United FC,England,2007-03-19,19,Midfield,Midfielder,0,0,0,0,0.4,1.6,1.6,https://img.a.transfermarkt.technology/portrait/header/1049911-1782339780.jpg?lm=1
3331,Marcus Rashford,66,Manchester United FC,England,1997-10-31,28,Offence,Forward,0,0,0,0,0.4,1.6,1.6,
8626,Bryan Mbeumo,66,Manchester United FC,Cameroon,1999-08-07,27,Offence,Forward,2,0,0,5,0.4,1.6,1.6,https://img.a.transfermarkt.technology/portrait/header/413039-1769532496.jpg?lm=1
30842,Matheus Cunha,66,Manchester United FC,Brazil,1999-05-27,27,Offence,Forward,1,1,0,5,0.4,1.6,1.6,https://img.a.transfermarkt.technology/portrait/header/517894-1780390711.jpg?lm=1
99731,Joshua Zirkzee,66,Manchester United FC,Netherlands,2001-05-22,25,Offence,Forward,0,0,0,0,0.4,1.6,1.6,https://img.a.transfermarkt.technology/portrait/header/435648-1775738266.jpg?lm=1
124244,Benjamin Šeško,66,Manchester United FC,Slovenia,2003-05-31,23,Offence,Forward,1,0,0,4,0.4,1.6,1.6,
133584,Amad Diallo,66,Manchester United FC,Ivory Coast,2002-07-11,24,Offence,Forward,0,0,0,0,0.4,1.6,1.6,https://img.a.transfermarkt.technology/portrait/header/536835-1747857754.jpg?lm=1
211559,Patrick Dorgu,66,Manchester United FC,Denmark,2004-10-26,21,Offence,Forward,0,0,0,0,0.4,1.6,1.6,https://img.a.transfermarkt.technology/portrait/header/926952-1747857569.jpg?lm=1
289557,Shea Lacey,66,Manchester United FC,England,2007-04-14,19,Offence,Forward,0,0,0,0,0.4,1.6,1.6,https://img.a.transfermarkt.technology/portrait/header/926309-1767956214.jpg?lm=1
3310,Nick Pope,67,Newcastle United FC,England,1992-04-19,34,Goalkeeper,Goalkeeper,0,0,0,0,0.6,1.8,1.8,https://img.a.transfermarkt.technology/portrait/header/192080-1663841362.jpg?lm=1
5048,Mark Gillespie,67,Newcastle United FC,England,1992-03-27,34,Goalkeeper,Goalkeeper,0,0,0,0,0.6,1.8,1.8,https://img.a.transfermarkt.technology/portrait/header/142389-1746646196.jpg?lm=1
146753,Lukáš Horníček,67,Newcastle United FC,Czech Republic,2002-07-13,24,Goalkeeper,Goalkeeper,0,0,0,0,0.6,1.8,1.8,
191388,Ewen Jaouen,67,Newcastle United FC,France,2005-12-29,20,Goalkeeper,Goalkeeper,0,0,0,0,0.6,1.8,1.8,
88,Fabian Schär,67,Newcastle United FC,Switzerland,1991-12-20,34,Defence,Defender,0,0,0,0,0.6,1.8,1.8,https://img.a.transfermarkt.technology/portrait/header/135343-1667990394.jpg?lm=1
4870,Dan Burn,67,Newcastle United FC,England,1992-05-09,34,Defence,Defender,0,0,0,0,0.6,1.8,1.8,https://img.a.transfermarkt.technology/portrait/header/134270-1682340860.jpg?lm=1
81082,Sven Botman,67,Newcastle United FC,Netherlands,2000-01-12,26,Defence,Defender,0,0,0,0,0.6,1.8,1.8,https://img.a.transfermarkt.technology/portrait/header/361093-1683290679.jpg?lm=1
81816,Amar Dedić,67,Newcastle United FC,Austria,2002-08-18,24,Defence,Defender,0,0,0,0,0.6,1.8,1.8,
142732,Malick Thiaw,67,Newcastle United FC,Germany,2001-08-08,25,Defence,Defender,0,0,0,0,0.6,1.8,1.8,https://img.a.transfermarkt.technology/portrait/header/521964-1682063635.jpg?lm=1
168712,Valentino Livramento,67,Newcastle United FC,England,2002-11-12,23,Defence,Defender,0,0,0,0,0.6,1.8,1.8,
191140,Lewis Hall,67,Newcastle United FC,England,2025-06-30,1,Defence,Defender,1,1,0,5,0.6,1.8,1.8,https://img.a.transfermarkt.technology/portrait/header/670858-1699385942.jpg?lm=1
277574,Leo Shahar,67,Newcastle United FC,England,2007-03-18,19,Defence,Defender,0,0,0,0,0.6,1.8,1.8,https://img.a.transfermarkt.technology/portrait/header/940858-1746640379.jpg?lm=1
7798,Joe Willock,67,Newcastle United FC,England,1999-08-20,27,Midfield,Midfielder,2,0,0,5,0.6,1.8,1.8,https://img.a.transfermarkt.technology/portrait/header/340329-1761077592.jpg?lm=1
10653,Joelinton,67,Newcastle United FC,Brazil,1996-08-14,30,Midfield,Midfielder,0,0,0,0,0.6,1.8,1.8,https://img.a.transfermarkt.technology/portrait/header/333241-1674210135.jpg?lm=1
111437,Jacob Ramsey,67,Newcastle United FC,England,2001-05-28,25,Midfield,Midfielder,1,0,0,4,0.6,1.8,1.8,https://img.a.transfermarkt.technology/portrait/header/503749-1687975464.jpg?lm=1
171986,Nico Gonzalez,67,Newcastle United FC,Spain,2002-01-03,24,Midfield,Midfielder,0,0,0,0,0.6,1.8,1.8,
191939,Lewis Miley,67,Newcastle United FC,England,2006-05-01,20,Midfield,Midfielder,0,0,0,0,0.6,1.8,1.8,https://img.a.transfermarkt.technology/portrait/header/922769-1696453881.jpg?lm=1
251265,Sean Steur,67,Newcastle United FC,Netherlands,2008-01-11,18,Midfield,Midfielder,0,0,0,0,0.6,1.8,1.8,
272943,Aladji Bamba,67,Newcastle United FC,France,2006-07-14,20,Midfield,Midfielder,0,0,0,0,0.6,1.8,1.8,
612,Yoane Wissa,67,Newcastle United FC,Congo DR,1996-09-03,30,Offence,Forward,1,1,0,5,0.6,1.8,1.8,https://img.a.transfermarkt.technology/portrait/header/388165-1740646948.jpg?lm=1
7934,Jacob Murphy,67,Newcastle United FC,England,1995-02-24,31,Offence,Forward,0,0,0,0,0.6,1.8,1.8,https://img.a.transfermarkt.technology/portrait/header/199527-1674210561.jpg?lm=1
8076,Harvey Barnes,67,Newcastle United FC,England,1997-12-09,28,Offence,Forward,1,2,0,5,0.6,1.8,1.8,https://img.a.transfermarkt.technology/portrait/header/398065-1761079974.jpg?lm=1
166376,Anthony Elanga,67,Newcastle United FC,Sweden,2002-04-27,24,Offence,Forward,2,0,0,3,0.6,1.8,1.8,https://img.a.transfermarkt.technology/portrait/header/583189-1700739021.jpg?lm=1
169324,William Osula,67,Newcastle United FC,Denmark,2003-08-04,23,Offence,Forward,0,0,0,0,0.6,1.8,1.8,https://img.a.transfermarkt.technology/portrait/header/609556-1693217416.jpg?lm=1
213511,Matias Fernandez-Pardo,67,Newcastle United FC,Belgium,2005-02-03,21,Offence,Forward,0,0,0,0,0.6,1.8,1.8,
249312,Bazoumana Touré,67,Newcastle United FC,Ivory Coast,2006-03-02,20,Offence,Forward,1,0,0,5,0.6,1.8,1.8,
301125,Kyran Thompson,67,Newcastle United FC,England,2009-09-06,17,Unknown,Unknown,0,0,0,0,0.6,1.8,1.8,
301124,Michael Mills,67,Newcastle United FC,England,2009-02-18,17,Unknown,Unknown,0,0,0,0,0.6,1.8,1.8,
301059,Mason Miley,67,Newcastle United FC,England,2008-09-29,17,Unknown,Unknown,0,0,0,0,0.6,1.8,1.8,
4292,Simon Moore,71,Sunderland AFC,England,1990-05-19,36,Goalkeeper,Goalkeeper,0,0,0,0,0.3,1.2,2.0,https://img.a.transfermarkt.technology/portrait/header/123536-1663853542.jpg?lm=1
137691,Robin Roefs,71,Sunderland AFC,Netherlands,2003-01-17,23,Goalkeeper,Goalkeeper,0,0,0,0,0.3,1.2,2.0,https://img.a.transfermarkt.technology/portrait/header/646991-1723035894.jpg?lm=1
150893,Melker Ellborg,71,Sunderland AFC,Sweden,2003-05-22,23,Goalkeeper,Goalkeeper,0,0,0,0,0.3,1.2,2.0,https://img.a.transfermarkt.technology/portrait/header/605426-1740563649.jpg?lm=1
3650,Thomas Meunier,71,Sunderland AFC,Belgium,1991-09-12,35,Defence,Defender,0,0,0,0,0.3,1.2,2.0,
6259,Luke O'Nien,71,Sunderland AFC,England,1994-11-21,31,Defence,Defender,0,0,0,0,0.3,1.2,2.0,https://img.a.transfermarkt.technology/portrait/header/282939-1724770104.jpg?lm=1
6655,Kevin Danso,71,Sunderland AFC,Austria,1998-09-19,28,Defence,Defender,0,0,0,0,0.3,1.2,2.0,https://img.a.transfermarkt.technology/portrait/header/263236-1691217955.png?lm=1
8371,Nordi Mukiele,71,Sunderland AFC,France,1997-11-01,28,Defence,Defender,0,0,0,0,0.3,1.2,2.0,https://img.a.transfermarkt.technology/portrait/header/348026-1727378130.jpg?lm=1
37094,Reinildo,71,Sunderland AFC,Mozambique,1994-01-21,32,Defence,Defender,0,0,0,0,0.3,1.2,2.0,
46491,Omar Alderete,71,Sunderland AFC,Paraguay,1996-12-26,29,Defence,Defender,0,0,0,0,0.3,1.2,2.0,https://img.a.transfermarkt.technology/portrait/header/353032-1669365021.jpg?lm=1
117687,Trai Hume,71,Sunderland AFC,Northern Ireland,2002-03-18,24,Defence,Defender,0,0,0,0,0.3,1.2,2.0,https://img.a.transfermarkt.technology/portrait/header/515544-1748348258.jpg?lm=1
121109,Daniel Ballard,71,Sunderland AFC,Northern Ireland,1999-09-22,27,Defence,Defender,0,0,0,0,0.3,1.2,2.0,
161270,Aji Alese,71,Sunderland AFC,England,2001-01-17,25,Defence,Defender,0,0,0,0,0.3,1.2,2.0,https://img.a.transfermarkt.technology/portrait/header/502065-1544622088.jpg?lm=1
264401,Dayann Methalie,71,Sunderland AFC,France,2006-02-15,20,Defence,Defender,0,0,0,0,0.3,1.2,2.0,
3477,Granit Xhaka,71,Sunderland AFC,Switzerland,1992-09-27,34,Midfield,Midfielder,0,0,0,0,0.3,1.2,2.0,https://img.a.transfermarkt.technology/portrait/header/111455-1689711080.jpg?lm=1
11362,Alan Browne,71,Sunderland AFC,Ireland,1995-04-15,31,Midfield,Midfielder,0,0,0,0,0.3,1.2,2.0,
99664,Enzo Le Fée,71,Sunderland AFC,France,2000-02-03,26,Midfield,Midfielder,1,1,1,5,0.3,1.2,2.0,https://img.a.transfermarkt.technology/portrait/header/633992-1764837815.jpg?lm=1
165311,Abdoullah Ba,71,Sunderland AFC,France,2003-07-31,23,Midfield,Midfielder,0,0,0,0,0.3,1.2,2.0,https://img.a.transfermarkt.technology/portrait/header/654412-1635852545.jpg?lm=1
171876,Habib Diarra,71,Sunderland AFC,Senegal,2004-01-03,22,Midfield,Midfielder,0,0,0,0,0.3,1.2,2.0,https://img.a.transfermarkt.technology/portrait/header/876631-1765811931.jpg?lm=1
182273,Noah Sadiki,71,Sunderland AFC,Congo DR,2004-12-17,21,Midfield,Midfielder,0,0,0,0,0.3,1.2,2.0,https://img.a.transfermarkt.technology/portrait/header/727089-1767005980.jpg?lm=1
190817,Chris Rigg,71,Sunderland AFC,England,2007-06-18,19,Midfield,Midfielder,0,0,0,0,0.3,1.2,2.0,https://img.a.transfermarkt.technology/portrait/header/947411-1707494096.png?lm=1
286011,Jules Ahoka,71,Sunderland AFC,DR Congo,2005-12-17,20,Midfield,Midfielder,0,0,0,0,0.3,1.2,2.0,
83599,Wilson Isidor,71,Sunderland AFC,Haiti,2000-08-27,26,Offence,Forward,1,0,0,5,0.3,1.2,2.0,https://img.a.transfermarkt.technology/portrait/header/494237-1739871086.jpg?lm=1
97535,Brian Brobbey,71,Sunderland AFC,Netherlands,2002-02-01,24,Offence,Forward,3,0,0,5,0.3,1.2,2.0,https://img.a.transfermarkt.technology/portrait/header/473169-1718013901.jpg?lm=1
172275,Romaine Mundle,71,Sunderland AFC,England,2003-04-24,23,Offence,Forward,0,0,0,0,0.3,1.2,2.0,https://img.a.transfermarkt.technology/portrait/header/696181-1748348552.jpg?lm=1
187065,Malick Fofana,71,Sunderland AFC,Belgium,2005-03-31,21,Offence,Forward,0,0,0,0,0.3,1.2,2.0,
187375,Nilson Angulo,71,Sunderland AFC,Ecuador,2003-06-19,23,Offence,Forward,1,1,0,5,0.3,1.2,2.0,
192313,Chemsdine Talbi,71,Sunderland AFC,Morocco,2005-05-09,21,Offence,Forward,0,0,0,0,0.3,1.2,2.0,https://img.a.transfermarkt.technology/portrait/header/743384-1764837422.jpg?lm=1
288921,Juan Angulo,71,Sunderland AFC,Ecuador,2008-01-12,18,Offence,Forward,0,0,0,0,0.3,1.2,2.0,
290809,Jocelin Bi,71,Sunderland AFC,Ivory Coast,2005-02-09,21,Offence,Forward,0,0,0,0,0.3,1.2,2.0,
7914,Martin Dúbravka,73,Tottenham Hotspur FC,Slovakia,1989-01-15,37,Goalkeeper,Goalkeeper,0,0,0,0,0.2,0.4,1.6,https://img.a.transfermarkt.technology/portrait/header/74960-1700237195.jpg?lm=1
133229,Brandon Austin,73,Tottenham Hotspur FC,England,1999-01-08,27,Goalkeeper,Goalkeeper,0,0,0,0,0.2,0.4,1.6,https://img.a.transfermarkt.technology/portrait/header/428016-1737735261.jpg?lm=1
255239,Antonín Kinský,73,Tottenham Hotspur FC,Czech Republic,2003-03-13,23,Goalkeeper,Goalkeeper,0,0,0,0,0.2,0.4,1.6,https://img.a.transfermarkt.technology/portrait/header/725912-1766160431.jpg?lm=1
7868,Andrew Robertson,73,Tottenham Hotspur FC,Scotland,1994-03-11,32,Defence,Defender,0,0,0,0,0.2,0.4,1.6,https://img.a.transfermarkt.technology/portrait/header/234803-1709147379.jpg?lm=1
7880,Tosin Adarabioyo,73,Tottenham Hotspur FC,England,1997-09-24,29,Defence,Defender,0,0,0,0,0.2,0.4,1.6,https://img.a.transfermarkt.technology/portrait/header/258878-1646903871.jpg?lm=1
7994,Ben Davies,73,Tottenham Hotspur FC,Wales,1993-04-24,33,Defence,Defender,0,0,0,0,0.2,0.4,1.6,https://img.a.transfermarkt.technology/portrait/header/192765-1668520095.jpg?lm=1
46046,Marcos Senesi,73,Tottenham Hotspur FC,Argentina,1997-05-10,29,Defence,Defender,0,0,0,0,0.2,0.4,1.6,https://img.a.transfermarkt.technology/portrait/header/469781-1738824319.jpg?lm=1
81037,Pedro Porro,73,Tottenham Hotspur FC,Spain,1999-09-13,27,Defence,Defender,0,0,0,0,0.2,0.4,1.6,https://img.a.transfermarkt.technology/portrait/header/553875-1730812390.jpg?lm=1
98566,Jan Paul van Hecke,73,Tottenham Hotspur FC,Netherlands,2000-06-08,26,Defence,Defender,1,0,0,5,0.2,0.4,1.6,https://img.a.transfermarkt.technology/portrait/header/576314-1742501220.jpg?lm=1
131177,Mickey van de Ven,73,Tottenham Hotspur FC,Netherlands,2001-04-19,25,Defence,Defender,0,0,0,0,0.2,0.4,1.6,
170378,Destiny Udogie,73,Tottenham Hotspur FC,Italy,2002-11-28,23,Defence,Defender,0,0,0,0,0.2,0.4,1.6,https://img.a.transfermarkt.technology/portrait/header/556385-1697208468.jpg?lm=1
177040,Archie Gray,73,Tottenham Hotspur FC,England,2006-03-12,20,Defence,Defender,0,0,0,0,0.2,0.4,1.6,https://img.a.transfermarkt.technology/portrait/header/922693-1695108880.jpg?lm=1
1859,Dejan Kulusevski,73,Tottenham Hotspur FC,Sweden,2000-04-25,26,Midfield,Midfielder,0,0,0,0,0.2,0.4,1.6,https://img.a.transfermarkt.technology/portrait/header/431755-1684943454.jpg?lm=1
2041,Rodrigo Bentancur,73,Tottenham Hotspur FC,Uruguay,1997-06-25,29,Midfield,Midfielder,0,0,0,0,0.2,0.4,1.6,https://img.a.transfermarkt.technology/portrait/header/354362-1740605779.jpg?lm=1
2563,Sandro Tonali,73,Tottenham Hotspur FC,Italy,2000-05-08,26,Midfield,Midfielder,0,0,0,0,0.2,0.4,1.6,https://img.a.transfermarkt.technology/portrait/header/397033-1688389270.jpg?lm=1
3992,James Maddison,73,Tottenham Hotspur FC,England,1996-11-23,29,Midfield,Midfielder,0,0,0,0,0.2,0.4,1.6,https://img.a.transfermarkt.technology/portrait/header/294057-1687982662.jpg?lm=1
119265,Conor Gallagher,73,Tottenham Hotspur FC,England,2000-02-06,26,Midfield,Midfielder,1,0,0,5,0.2,0.4,1.6,https://img.a.transfermarkt.technology/portrait/header/488362-1668500476.jpg?lm=1
148289,Xavi Simons,73,Tottenham Hotspur FC,Netherlands,2003-04-21,23,Midfield,Midfielder,0,0,0,0,0.2,0.4,1.6,
187216,Mateus Fernandes,73,Tottenham Hotspur FC,Portugal,2004-07-10,22,Midfield,Midfielder,0,0,0,0,0.2,0.4,1.6,https://img.a.transfermarkt.technology/portrait/header/880245-1727786403.jpg?lm=1
193622,Lucas Bergvall,73,Tottenham Hotspur FC,Sweden,2006-02-02,20,Midfield,Midfielder,0,0,0,0,0.2,0.4,1.6,https://img.a.transfermarkt.technology/portrait/header/866246-1701861399.jpg?lm=1
7878,Dominic Solanke,73,Tottenham Hotspur FC,England,1997-09-14,29,Offence,Forward,0,0,0,0,0.2,0.4,1.6,https://img.a.transfermarkt.technology/portrait/header/258889-1708340487.jpg?lm=1
8133,Richarlison,73,Tottenham Hotspur FC,Brazil,1997-05-10,29,Offence,Forward,0,0,0,0,0.2,0.4,1.6,https://img.a.transfermarkt.technology/portrait/header/378710-1665608231.jpg?lm=1
66896,Omar Marmoush,73,Tottenham Hotspur FC,Egypt,1999-02-07,27,Offence,Forward,0,0,0,0,0.2,0.4,1.6,https://img.a.transfermarkt.technology/portrait/header/445939-1747656490.jpg?lm=1
77399,Mohammed Kudus,73,Tottenham Hotspur FC,Ghana,2000-08-02,26,Offence,Forward,0,0,0,0,0.2,0.4,1.6,https://img.a.transfermarkt.technology/portrait/header/543499-1668429218.jpg?lm=1
98978,Mykhailo Mudryk,73,Tottenham Hotspur FC,Ukraine,2001-01-05,25,Offence,Forward,0,0,0,0,0.2,0.4,1.6,
146352,Sávio,73,Tottenham Hotspur FC,Brazil,2004-04-10,22,Offence,Forward,0,0,0,0,0.2,0.4,1.6,
171977,Mathys Tel,73,Tottenham Hotspur FC,France,2005-04-27,21,Offence,Forward,0,0,0,0,0.2,0.4,1.6,https://img.a.transfermarkt.technology/portrait/header/801734-1700040486.jpg?lm=1
184999,Wilson Odobert,73,Tottenham Hotspur FC,France,2004-11-28,21,Offence,Forward,0,0,0,0,0.2,0.4,1.6,https://img.a.transfermarkt.technology/portrait/header/743498-1740605858.jpg?lm=1
3308,Jack Butland,322,Hull City AFC,England,1993-03-10,33,Goalkeeper,Goalkeeper,0,0,0,0,0.6,1.2,0.8,
6300,Dillon Phillips,322,Hull City AFC,England,1995-06-11,31,Goalkeeper,Goalkeeper,0,0,0,0,0.6,1.2,0.8,
170812,Konstantinos Tzolakis,322,Hull City AFC,Greece,2002-11-08,23,Goalkeeper,Goalkeeper,0,0,0,0,0.6,1.2,0.8,
3962,Matt Targett,322,Hull City AFC,England,1995-09-18,31,Defence,Defender,0,0,0,0,0.6,1.2,0.8,https://img.a.transfermarkt.technology/portrait/header/250478-1772541862.jpg?lm=1
4058,Paddy McNair,322,Hull City AFC,Northern Ireland,1995-04-27,31,Defence,Defender,0,0,0,0,0.6,1.2,0.8,https://img.a.transfermarkt.technology/portrait/header/167268-1741027527.jpg?lm=1
4425,John Egan,322,Hull City AFC,Ireland,1992-10-20,33,Defence,Defender,0,0,0,0,0.6,1.2,0.8,https://img.a.transfermarkt.technology/portrait/header/121324-1700673210.jpg?lm=1
5322,Lewie Coyle,322,Hull City AFC,England,1995-10-15,30,Defence,Defender,0,0,0,0,0.6,1.2,0.8,
6451,Semi Ajayi,322,Hull City AFC,Nigeria,1993-11-09,32,Defence,Defender,1,0,0,5,0.6,1.2,0.8,https://img.a.transfermarkt.technology/portrait/header/251912-1707384080.jpg?lm=1
82148,Ryan John Giles,322,Hull City AFC,England,2000-01-26,26,Defence,Defender,0,0,0,0,0.6,1.2,0.8,
177169,Brooke Norton-Cuffy,322,Hull City AFC,England,2004-01-12,22,Defence,Defender,0,0,0,0,0.6,1.2,0.8,
189278,Charlie Hughes,322,Hull City AFC,England,2003-10-16,22,Defence,Defender,0,0,0,0,0.6,1.2,0.8,
190558,Nobel Mendy,322,Hull City AFC,Senegal,2004-08-16,22,Defence,Defender,1,0,0,4,0.6,1.2,0.8,
270733,Lucas Herrington,322,Hull City AFC,Australia,2007-09-05,19,Defence,Defender,0,0,0,0,0.6,1.2,0.8,
4309,Regan Slater,322,Hull City AFC,England,1999-09-11,27,Midfield,Midfielder,0,0,0,0,0.6,1.2,0.8,https://img.a.transfermarkt.technology/portrait/header/473080-1643280542.jpg?lm=1
6357,Matty Crooks,322,Hull City AFC,England,1994-01-20,32,Midfield,Midfielder,0,0,0,0,0.6,1.2,0.8,
11306,Kieran Dowell,322,Hull City AFC,England,1997-10-10,28,Midfield,Midfielder,0,0,0,0,0.6,1.2,0.8,
30298,Abdülkadir Ömür,322,Hull City AFC,Turkey,1999-06-25,27,Midfield,Midfielder,0,0,0,0,0.6,1.2,0.8,
49092,Hidemasa Morita,322,Hull City AFC,Japan,1995-05-10,31,Midfield,Midfielder,0,0,0,0,0.6,1.2,0.8,
147914,Eliot Matazo,322,Hull City AFC,Belgium,2002-02-15,24,Midfield,Midfielder,0,0,0,0,0.6,1.2,0.8,
169326,Tim Iroegbunam,322,Hull City AFC,England,2002-08-12,24,Midfield,Midfielder,0,0,0,0,0.6,1.2,0.8,https://img.a.transfermarkt.technology/portrait/header/696589-1650877564.jpg?lm=1
179603,Lucas Gourna-Douath,322,Hull City AFC,France,2003-08-05,23,Midfield,Midfielder,0,0,0,0,0.6,1.2,0.8,
184963,Darko Gyabi,322,Hull City AFC,England,2004-02-17,22,Midfield,Midfielder,0,0,0,0,0.6,1.2,0.8,https://img.a.transfermarkt.technology/portrait/header/663264-1656928941.jpg?lm=1
193627,Jens Hjertö-Dahl,322,Hull City AFC,Norway,2005-10-31,20,Midfield,Midfielder,0,0,0,0,0.6,1.2,0.8,
230388,Óscar Zambrano,322,Hull City AFC,Ecuador,2004-04-20,22,Midfield,Midfielder,0,0,0,0,0.6,1.2,0.8,
264301,Christos Mouzakitis,322,Hull City AFC,Greece,2006-12-25,19,Midfield,Midfielder,0,0,0,0,0.6,1.2,0.8,
4359,Oliver McBurnie,322,Hull City AFC,Scotland,1996-06-04,30,Offence,Forward,0,0,0,0,0.6,1.2,0.8,
26444,Sorba Thomas,322,Hull City AFC,Wales,1999-08-22,27,Offence,Forward,0,0,0,0,0.6,1.2,0.8,https://img.a.transfermarkt.technology/portrait/header/475416-1668520548.jpg?lm=1
80761,Joe Gelhardt,322,Hull City AFC,England,2002-05-04,24,Offence,Forward,0,0,0,0,0.6,1.2,0.8,https://img.a.transfermarkt.technology/portrait/header/503980-1557307981.png?lm=1
149129,Mohamed Ali Cho,322,Hull City AFC,France,2004-01-19,22,Offence,Forward,0,0,0,0,0.6,1.2,0.8,
170777,David Akintola,322,Hull City AFC,Nigeria,1996-01-13,30,Offence,Forward,0,0,0,0,0.6,1.2,0.8,
192811,Elliot Stroud,322,Hull City AFC,Sweden,2002-06-22,24,Offence,Forward,0,0,0,0,0.6,1.2,0.8,
211740,Ilyas Ansah,322,Hull City AFC,Germany,2004-11-08,21,Offence,Forward,0,0,0,0,0.6,1.2,0.8,
213033,Robinio Vaz,322,Hull City AFC,France,2007-02-17,19,Offence,Forward,0,0,0,0,0.6,1.2,0.8,
213072,Mohamed Belloumi,322,Hull City AFC,Algeria,2002-06-01,24,Offence,Forward,2,2,0,5,0.6,1.2,0.8,
5315,Alex Cairns,341,Leeds United FC,England,1993-01-04,33,Goalkeeper,Goalkeeper,0,0,0,0,0.7,1.4,0.6,https://img.a.transfermarkt.technology/portrait/header/194386-1724939306.jpg?lm=1
9438,Michael Zetterer,341,Leeds United FC,Germany,1995-07-12,31,Goalkeeper,Goalkeeper,0,0,0,0,0.7,1.4,0.6,
153874,James Trafford,341,Leeds United FC,England,2002-10-10,23,Goalkeeper,Goalkeeper,0,0,0,0,0.7,1.4,0.6,https://img.a.transfermarkt.technology/portrait/header/566799-1689876147.jpg?lm=1
3475,Nico Elvedi,341,Leeds United FC,Switzerland,1996-09-30,29,Defence,Defender,0,0,0,0,0.7,1.4,0.6,
4184,Jayden Bogle,341,Leeds United FC,England,2000-07-27,26,Defence,Defender,2,0,0,5,0.7,1.4,0.6,https://img.a.transfermarkt.technology/portrait/header/465717-1764840719.jpg?lm=1
5613,James Justin,341,Leeds United FC,England,1998-02-23,28,Defence,Defender,0,0,0,0,0.7,1.4,0.6,https://img.a.transfermarkt.technology/portrait/header/413220-1746646113.jpg?lm=1
5714,Joe Rodon,341,Leeds United FC,Wales,1997-10-22,28,Defence,Defender,0,0,0,0,0.7,1.4,0.6,https://img.a.transfermarkt.technology/portrait/header/297212-1666698393.jpg?lm=1
31531,Gabriel Gudmundsson,341,Leeds United FC,Sweden,1999-04-29,27,Defence,Defender,0,0,0,0,0.7,1.4,0.6,https://img.a.transfermarkt.technology/portrait/header/362108-1666691160.jpg?lm=1
74688,Jaka Bijol,341,Leeds United FC,Slovenia,1999-02-05,27,Defence,Defender,0,0,0,0,0.7,1.4,0.6,https://img.a.transfermarkt.technology/portrait/header/371851-1695029407.jpg?lm=1
136721,Melvin Bard,341,Leeds United FC,France,2000-11-06,25,Defence,Defender,0,0,0,0,0.7,1.4,0.6,
189153,Tarik Muharemović,341,Leeds United FC,Bosnia-Herzegovina,2003-02-28,23,Defence,Defender,0,0,0,0,0.7,1.4,0.6,
4955,Sean Longstaff,341,Leeds United FC,England,1997-10-30,28,Midfield,Midfielder,0,0,0,0,0.7,1.4,0.6,https://img.a.transfermarkt.technology/portrait/header/346707-1682341336.jpg?lm=1
7815,Ethan Ampadu,341,Leeds United FC,Wales,2000-09-14,26,Midfield,Midfielder,0,0,0,0,0.7,1.4,0.6,https://img.a.transfermarkt.technology/portrait/header/392771-1658829697.jpg?lm=1
49105,Ao Tanaka,341,Leeds United FC,Japan,1998-09-10,28,Midfield,Midfielder,0,0,0,0,0.7,1.4,0.6,https://img.a.transfermarkt.technology/portrait/header/489359-1780324258.jpg?lm=1
65843,Anton Stach,341,Leeds United FC,Germany,1998-11-15,27,Midfield,Midfielder,1,0,0,5,0.7,1.4,0.6,https://img.a.transfermarkt.technology/portrait/header/344069-1723921116.jpg?lm=1
75284,Ilia Gruev,341,Leeds United FC,Bulgaria,2000-05-06,26,Midfield,Midfielder,0,0,0,0,0.7,1.4,0.6,https://img.a.transfermarkt.technology/portrait/header/381753-1724940121.jpg?lm=1
113262,Brenden Aaronson,341,Leeds United FC,USA,2000-10-22,25,Midfield,Midfielder,0,0,0,0,0.7,1.4,0.6,https://img.a.transfermarkt.technology/portrait/header/393323-1691614083.jpg?lm=1
7839,Dominic Calvert-Lewin,341,Leeds United FC,England,1997-03-16,29,Offence,Forward,2,1,0,5,0.7,1.4,0.6,https://img.a.transfermarkt.technology/portrait/header/306024-1685705768.jpg?lm=1
7892,Lukas Nmecha,341,Leeds United FC,Germany,1998-12-14,27,Offence,Forward,0,0,0,0,0.7,1.4,0.6,https://img.a.transfermarkt.technology/portrait/header/314288-1657203640.jpg?lm=1
7974,Daniel James,341,Leeds United FC,Wales,1997-11-10,28,Offence,Forward,0,0,0,0,0.7,1.4,0.6,https://img.a.transfermarkt.technology/portrait/header/319301-1668520687.jpg?lm=1
11777,Harry Wilson,341,Leeds United FC,Wales,1997-03-22,29,Offence,Forward,0,0,0,0,0.7,1.4,0.6,https://img.a.transfermarkt.technology/portrait/header/279455-1782301614.jpg?lm=1
16058,Noah Okafor,341,Leeds United FC,Switzerland,2000-05-24,26,Offence,Forward,1,0,0,5,0.7,1.4,0.6,https://img.a.transfermarkt.technology/portrait/header/346890-1692879855.jpg?lm=1
185178,Mateo Fernandez,341,Leeds United FC,Spain,2003-10-19,22,Offence,Forward,0,0,0,0,0.7,1.4,0.6,
185882,Jean Bahoya,341,Leeds United FC,France,2005-05-07,21,Offence,Forward,0,0,0,0,0.7,1.4,0.6,
3954,David Button,349,Ipswich Town FC,England,1989-02-27,37,Goalkeeper,Goalkeeper,0,0,0,0,0.4,1.4,2.2,https://img.a.transfermarkt.technology/portrait/header/61814-1473151573.jpg?lm=1
4867,Christian Walton,349,Ipswich Town FC,England,1995-11-09,30,Goalkeeper,Goalkeeper,0,0,0,0,0.4,1.4,2.2,https://img.a.transfermarkt.technology/portrait/header/208379-1720189930.jpg?lm=1
8011,Alex Palmer,349,Ipswich Town FC,England,1996-08-10,30,Goalkeeper,Goalkeeper,0,0,0,0,0.4,1.4,2.2,https://img.a.transfermarkt.technology/portrait/header/245625-1632908899.jpg?lm=1
9814,Kjell Scherpen,349,Ipswich Town FC,Netherlands,2000-01-23,26,Goalkeeper,Goalkeeper,0,0,0,0,0.4,1.4,2.2,
4017,Darnell Furlong,349,Ipswich Town FC,England,1995-10-31,30,Defence,Defender,0,0,0,0,0.4,1.4,2.2,https://img.a.transfermarkt.technology/portrait/header/351755-1484904459.jpg?lm=1
8296,Issa Diop,349,Ipswich Town FC,France,1997-01-09,29,Defence,Defender,0,0,0,0,0.4,1.4,2.2,https://img.a.transfermarkt.technology/portrait/header/272622-1780316727.jpg?lm=1
25650,Dara O'Shea,349,Ipswich Town FC,Ireland,1999-03-04,27,Defence,Defender,0,0,0,0,0.4,1.4,2.2,https://img.a.transfermarkt.technology/portrait/header/401320-1632909442.jpg?lm=1
34871,Cédric Kipré,349,Ipswich Town FC,Ivory Coast,1996-12-09,29,Defence,Defender,0,0,0,0,0.4,1.4,2.2,
99120,Leif Davis,349,Ipswich Town FC,England,1999-12-31,26,Defence,Defender,2,1,0,5,0.4,1.4,2.2,https://img.a.transfermarkt.technology/portrait/header/596446-1738823882.jpg?lm=1
125651,Jacob Greaves,349,Ipswich Town FC,England,2000-09-12,26,Defence,Defender,0,0,0,0,0.4,1.4,2.2,https://img.a.transfermarkt.technology/portrait/header/693095-1727786112.jpg?lm=1
270889,Abdoul Ouattara,349,Ipswich Town FC,Ivory Coast,2005-10-22,20,Defence,Defender,0,0,0,0,0.4,1.4,2.2,
5999,Jack Taylor,349,Ipswich Town FC,Ireland,1998-06-23,28,Midfield,Midfielder,0,0,0,0,0.4,1.4,2.2,https://img.a.transfermarkt.technology/portrait/header/458178-1706522764.jpg?lm=1
7566,Azor Matusiwa,349,Ipswich Town FC,Netherlands,1998-04-28,28,Midfield,Midfielder,0,0,0,0,0.4,1.4,2.2,
11720,Exequiel Palacios,349,Ipswich Town FC,Argentina,1998-10-05,27,Midfield,Midfielder,0,0,0,0,0.4,1.4,2.2,
32938,Saša Lukić,349,Ipswich Town FC,Serbia,1996-08-13,30,Midfield,Midfielder,0,0,0,0,0.4,1.4,2.2,https://img.a.transfermarkt.technology/portrait/header/245056-1746645290.jpg?lm=1
37560,Florentino,349,Ipswich Town FC,Portugal,1999-08-19,27,Midfield,Midfielder,0,0,0,0,0.4,1.4,2.2,https://img.a.transfermarkt.technology/portrait/header/357162-1701295561.jpg?lm=1
140245,Marcelino Núñez,349,Ipswich Town FC,Chile,2000-03-01,26,Midfield,Midfielder,0,0,0,0,0.4,1.4,2.2,https://img.a.transfermarkt.technology/portrait/header/715558-1718987243.jpg?lm=1
152437,Anis Mehmeti,349,Ipswich Town FC,Albania,2001-01-09,25,Midfield,Midfielder,0,0,0,0,0.4,1.4,2.2,https://img.a.transfermarkt.technology/portrait/header/530813-1680273487.jpg?lm=1
168949,Julio Enciso,349,Ipswich Town FC,Paraguay,2004-01-23,22,Midfield,Midfielder,0,0,0,0,0.4,1.4,2.2,
176777,Kasey McAteer,349,Ipswich Town FC,Ireland,2001-11-22,24,Midfield,Midfielder,0,0,0,0,0.4,1.4,2.2,https://img.a.transfermarkt.technology/portrait/header/621193-1731659829.jpg?lm=1
4158,Jack Clarke,349,Ipswich Town FC,England,2000-11-23,25,Offence,Forward,1,0,0,5,0.4,1.4,2.2,https://img.a.transfermarkt.technology/portrait/header/559794-1708003059.jpg?lm=1
9053,Chuba Akpom,349,Ipswich Town FC,England,1995-10-09,30,Offence,Forward,1,0,0,4,0.4,1.4,2.2,
44017,Daizen Maeda,349,Ipswich Town FC,Japan,1997-10-20,28,Offence,Forward,0,0,0,0,0.4,1.4,2.2,
67893,Zian Flemming,349,Ipswich Town FC,Netherlands,1998-08-01,28,Offence,Forward,1,0,0,3,0.4,1.4,2.2,https://img.a.transfermarkt.technology/portrait/header/411537-1741273915.jpg?lm=1
172632,Jaden Philogene-Bidace,349,Ipswich Town FC,England,2002-02-08,24,Offence,Forward,0,0,0,0,0.4,1.4,2.2,
176628,Emersonn,349,Ipswich Town FC,Brazil,2004-07-16,22,Offence,Forward,2,1,0,5,0.4,1.4,2.2,
187162,Abdul Issahaku,349,Ipswich Town FC,Ghana,2004-03-08,22,Offence,Forward,0,0,0,0,0.4,1.4,2.2,
230057,Sindre Egeli,349,Ipswich Town FC,Norway,2006-06-21,20,Offence,Forward,0,0,0,0,0.4,1.4,2.2,
1299,John,351,Nottingham Forest FC,Brazil,1996-02-13,30,Goalkeeper,Goalkeeper,0,0,0,0,0.4,0.8,1.0,
3643,Matz Sels,351,Nottingham Forest FC,Belgium,1992-02-26,34,Goalkeeper,Goalkeeper,0,0,0,0,0.4,0.8,1.0,https://img.a.transfermarkt.technology/portrait/header/127202-1665067633.jpg?lm=1
81055,Steven Benda,351,Nottingham Forest FC,Germany,1998-10-01,27,Goalkeeper,Goalkeeper,0,0,0,0,0.4,0.8,1.0,
1775,Nikola Milenković,351,Nottingham Forest FC,Serbia,1997-10-12,28,Defence,Defender,0,0,0,0,0.4,0.8,1.0,https://img.a.transfermarkt.technology/portrait/header/413507-1661166461.jpg?lm=1
3386,Ola Aina,351,Nottingham Forest FC,Nigeria,1996-10-08,29,Defence,Defender,0,0,0,0,0.4,0.8,1.0,https://img.a.transfermarkt.technology/portrait/header/236490-1707383919.jpg?lm=1
22010,Daniel Muñoz,351,Nottingham Forest FC,Colombia,1996-05-26,30,Defence,Defender,0,0,0,0,0.4,0.8,1.0,https://img.a.transfermarkt.technology/portrait/header/493003-1718642628.jpg?lm=1
133765,Neco Williams,351,Nottingham Forest FC,Wales,2001-04-13,25,Defence,Defender,0,0,0,0,0.4,0.8,1.0,https://img.a.transfermarkt.technology/portrait/header/503680-1705499825.jpg?lm=1
144361,Luca Netz,351,Nottingham Forest FC,Germany,2003-05-15,23,Defence,Defender,0,0,0,0,0.4,0.8,1.0,
179782,Jair Paula,351,Nottingham Forest FC,Brazil,2005-03-07,21,Defence,Defender,0,0,0,0,0.4,0.8,1.0,
184747,Ousmane Diomande,351,Nottingham Forest FC,Cote d'Ivoire,2004-11-16,21,Defence,Defender,0,0,0,0,0.4,0.8,1.0,
191730,Nicolò Savona,351,Nottingham Forest FC,Italy,2003-03-19,23,Defence,Defender,0,0,0,0,0.4,0.8,1.0,https://img.a.transfermarkt.technology/portrait/header/708072-1730125797.jpg?lm=1
192637,Murillo,351,Nottingham Forest FC,Brazil,2002-07-04,24,Defence,Defender,0,0,0,0,0.4,0.8,1.0,https://img.a.transfermarkt.technology/portrait/header/1005649-1709159139.jpg?lm=1
4091,Morgan Gibbs-White,351,Nottingham Forest FC,England,2000-01-27,26,Midfield,Midfielder,1,2,1,5,0.4,0.8,1.0,https://img.a.transfermarkt.technology/portrait/header/429014-1687975822.jpg?lm=1
5435,Ryan Yates,351,Nottingham Forest FC,England,1997-11-21,28,Midfield,Midfielder,0,0,0,0,0.4,0.8,1.0,https://img.a.transfermarkt.technology/portrait/header/425902-1684239778.jpg?lm=1
8307,Ibrahim Sangaré,351,Nottingham Forest FC,Ivory Coast,1997-12-02,28,Midfield,Midfielder,0,0,0,0,0.4,0.8,1.0,https://img.a.transfermarkt.technology/portrait/header/375885-1700738495.jpg?lm=1
16344,Xaver Schlager,351,Nottingham Forest FC,Austria,1997-09-28,28,Midfield,Midfielder,0,0,0,0,0.4,0.8,1.0,
46346,Nicolás Domínguez,351,Nottingham Forest FC,Argentina,1998-06-28,28,Midfield,Midfielder,0,0,0,0,0.4,0.8,1.0,https://img.a.transfermarkt.technology/portrait/header/497291-1767772056.jpg?lm=1
172956,James McAtee,351,Nottingham Forest FC,England,2002-10-18,23,Midfield,Midfielder,0,0,0,0,0.4,0.8,1.0,https://img.a.transfermarkt.technology/portrait/header/583199-1770845444.jpg?lm=1
7816,Callum Hudson-Odoi,351,Nottingham Forest FC,England,2000-11-07,25,Offence,Forward,0,0,0,0,0.4,0.8,1.0,https://img.a.transfermarkt.technology/portrait/header/392768-1659969850.png?lm=1
8057,Chris Wood,351,Nottingham Forest FC,New Zealand,1991-12-07,34,Offence,Forward,0,0,0,0,0.4,0.8,1.0,https://img.a.transfermarkt.technology/portrait/header/108725-1740646786.jpg?lm=1
77641,Dan Ndoye,351,Nottingham Forest FC,Switzerland,2000-10-25,25,Offence,Forward,1,0,0,5,0.4,0.8,1.0,https://img.a.transfermarkt.technology/portrait/header/365108-1718218474.jpg?lm=1
130668,Arnaud Kalimuendo,351,Nottingham Forest FC,France,2002-01-20,24,Offence,Forward,0,0,0,0,0.4,0.8,1.0,
151095,Liam Delap,351,Nottingham Forest FC,England,2003-02-08,23,Offence,Forward,1,0,0,4,0.4,0.8,1.0,https://img.a.transfermarkt.technology/portrait/header/610849-1746646306.jpg?lm=1
256339,Igor Jesus,351,Nottingham Forest FC,Brazil,2001-02-25,25,Offence,Forward,1,0,0,5,0.4,0.8,1.0,https://img.a.transfermarkt.technology/portrait/header/432164-1725325779.jpg?lm=1
5457,Dean Henderson,354,Crystal Palace FC,England,1997-03-12,29,Goalkeeper,Goalkeeper,0,0,0,0,0.3,1.2,2.2,https://img.a.transfermarkt.technology/portrait/header/258919-1716297478.jpg?lm=1
6413,Remi Matthews,354,Crystal Palace FC,England,1994-02-10,32,Goalkeeper,Goalkeeper,0,0,0,0,0.3,1.2,2.2,https://img.a.transfermarkt.technology/portrait/header/196722-1669021601.jpg?lm=1
8420,Walter Benítez,354,Crystal Palace FC,Argentina,1993-03-19,33,Goalkeeper,Goalkeeper,0,0,0,0,0.3,1.2,2.2,https://img.a.transfermarkt.technology/portrait/header/296802-1682332928.jpg?lm=1
813,Axel Disasi,354,Crystal Palace FC,France,1998-03-11,28,Defence,Defender,0,0,0,0,0.3,1.2,2.2,https://img.a.transfermarkt.technology/portrait/header/386047-1727785671.jpg?lm=1
8065,Ben Chilwell,354,Crystal Palace FC,England,1996-12-21,29,Defence,Defender,1,0,0,3,0.3,1.2,2.2,
9034,Takehiro Tomiyasu,354,Crystal Palace FC,Japan,1998-11-05,27,Defence,Defender,0,0,0,0,0.3,1.2,2.2,
99856,Chris Richards,354,Crystal Palace FC,USA,2000-03-28,26,Defence,Defender,0,0,0,0,0.3,1.2,2.2,https://img.a.transfermarkt.technology/portrait/header/578539-1754244701.jpg?lm=1
137068,Tyrick Mitchell,354,Crystal Palace FC,England,1999-09-01,27,Defence,Defender,2,0,0,5,0.3,1.2,2.2,https://img.a.transfermarkt.technology/portrait/header/730893-1693826944.jpg?lm=1
146986,Óscar Mingueza,354,Crystal Palace FC,Spain,1999-05-13,27,Defence,Defender,0,0,0,0,0.3,1.2,2.2,
150948,Chadi Riad,354,Crystal Palace FC,Morocco,2003-06-17,23,Defence,Defender,0,0,0,0,0.3,1.2,2.2,https://img.a.transfermarkt.technology/portrait/header/689637-1782376649.jpg?lm=1
260271,Jaydee Canvot,354,Crystal Palace FC,France,2006-07-29,20,Defence,Defender,0,0,0,0,0.3,1.2,2.2,https://img.a.transfermarkt.technology/portrait/header/1006411-1741897197.jpg?lm=1
263661,Honest Ahanor,354,Crystal Palace FC,Italy,2008-02-23,18,Defence,Defender,0,0,0,0,0.3,1.2,2.2,
3737,Jefferson Lerma,354,Crystal Palace FC,Colombia,1994-10-25,31,Midfield,Midfielder,0,0,0,0,0.3,1.2,2.2,https://img.a.transfermarkt.technology/portrait/header/262980-1693334146.jpg?lm=1
6716,Daichi Kamada,354,Crystal Palace FC,Japan,1996-08-05,30,Midfield,Midfielder,0,0,0,0,0.3,1.2,2.2,https://img.a.transfermarkt.technology/portrait/header/356141-1707947777.jpg?lm=1
8124,Will Hughes,354,Crystal Palace FC,England,1995-04-17,31,Midfield,Midfielder,0,0,0,0,0.3,1.2,2.2,https://img.a.transfermarkt.technology/portrait/header/207014-1700672424.jpg?lm=1
74677,Cheick Doucouré,354,Crystal Palace FC,Mali,2000-01-08,26,Midfield,Midfielder,0,0,0,0,0.3,1.2,2.2,https://img.a.transfermarkt.technology/portrait/header/543387-1693826399.jpg?lm=1
97536,Quinten Timber,354,Crystal Palace FC,Netherlands,2001-06-17,25,Midfield,Midfielder,0,0,0,0,0.3,1.2,2.2,
191396,Adam Wharton,354,Crystal Palace FC,England,2004-06-02,22,Midfield,Midfielder,0,0,0,0,0.3,1.2,2.2,https://img.a.transfermarkt.technology/portrait/header/744149-1716297290.jpg?lm=1
213425,Anan Khalaili,354,Crystal Palace FC,Israel,2004-09-03,22,Midfield,Midfielder,1,0,0,5,0.3,1.2,2.2,
641,Jean-Philippe Mateta,354,Crystal Palace FC,France,1997-06-28,29,Offence,Forward,0,0,0,0,0.3,1.2,2.2,https://img.a.transfermarkt.technology/portrait/header/420002-1723202650.jpg?lm=1
3638,Ismaïla Sarr,354,Crystal Palace FC,Senegal,1998-02-25,28,Offence,Forward,0,0,0,0,0.3,1.2,2.2,https://img.a.transfermarkt.technology/portrait/header/410225-1765811669.jpg?lm=1
7800,Eddie Nketiah,354,Crystal Palace FC,England,1999-05-30,27,Offence,Forward,0,0,0,0,0.3,1.2,2.2,https://img.a.transfermarkt.technology/portrait/header/340324-1730795033.jpg?lm=1
11623,Dwight McNeil,354,Crystal Palace FC,England,1999-11-22,26,Offence,Forward,0,0,0,0,0.3,1.2,2.2,https://img.a.transfermarkt.technology/portrait/header/584769-1700651579.jpg?lm=1
128710,Evann Guessand,354,Crystal Palace FC,Ivory Coast,2001-07-01,25,Offence,Forward,0,0,0,0,0.3,1.2,2.2,https://img.a.transfermarkt.technology/portrait/header/500689-1765812945.jpg?lm=1
152505,Yeremi Pino,354,Crystal Palace FC,Spain,2002-10-20,23,Offence,Forward,0,0,0,0,0.3,1.2,2.2,
176241,Matheus Franca,354,Crystal Palace FC,Brazil,2004-04-01,22,Offence,Forward,0,0,0,0,0.3,1.2,2.2,
179319,Darío Osorio,354,Crystal Palace FC,Chile,2004-01-24,22,Offence,Forward,0,0,0,0,0.3,1.2,2.2,
179712,Jesurun Rak-Sakyi,354,Crystal Palace FC,England,2002-10-05,23,Offence,Forward,0,0,0,0,0.3,1.2,2.2,
213269,Jørgen Strand Larsen,354,Crystal Palace FC,Norway,2000-02-06,26,Offence,Forward,1,0,0,5,0.3,1.2,2.2,https://img.a.transfermarkt.technology/portrait/header/429983-1743541067.jpg?lm=1
224618,Zavier Gozo,354,Crystal Palace FC,USA,2007-03-22,19,Offence,Forward,0,0,0,0,0.3,1.2,2.2,
4040,Jason Steele,397,Brighton & Hove Albion FC,England,1990-08-18,36,Goalkeeper,Goalkeeper,0,0,0,0,0.7,3.2,1.0,https://img.a.transfermarkt.technology/portrait/header/73564-1681383960.jpg?lm=1
126870,Bart Verbruggen,397,Brighton & Hove Albion FC,Netherlands,2002-08-18,24,Goalkeeper,Goalkeeper,0,0,0,0,0.7,3.2,1.0,https://img.a.transfermarkt.technology/portrait/header/565093-1716990260.jpg?lm=1
140203,Thomas McGill,397,Brighton & Hove Albion FC,England,2000-03-25,26,Goalkeeper,Goalkeeper,0,0,0,0,0.7,3.2,1.0,
846,Olivier Boscagli,397,Brighton & Hove Albion FC,France,1997-11-18,28,Defence,Defender,0,0,0,0,0.7,3.2,1.0,https://img.a.transfermarkt.technology/portrait/header/318508-1763637922.jpg?lm=1
4146,Pascal Struijk,397,Brighton & Hove Albion FC,Netherlands,1999-08-11,27,Defence,Defender,0,0,0,0,0.7,3.2,1.0,https://img.a.transfermarkt.technology/portrait/header/410708-1708002225.jpg?lm=1
8259,Lewis Dunk,397,Brighton & Hove Albion FC,England,1991-11-21,34,Defence,Defender,1,0,0,4,0.7,3.2,1.0,https://img.a.transfermarkt.technology/portrait/header/148153-1716297176.jpg?lm=1
9869,Ferdi Kadıoğlu,397,Brighton & Hove Albion FC,Turkey,1999-10-07,26,Defence,Defender,0,0,0,0,0.7,3.2,1.0,https://img.a.transfermarkt.technology/portrait/header/369316-1724792538.jpg?lm=1
61968,Michael Svoboda,397,Brighton & Hove Albion FC,Austria,1998-10-15,27,Defence,Defender,0,0,0,0,0.7,3.2,1.0,
97505,Mats Wieffer,397,Brighton & Hove Albion FC,Netherlands,1999-11-16,26,Defence,Defender,0,0,0,0,0.7,3.2,1.0,https://img.a.transfermarkt.technology/portrait/header/415381-1779892289.jpg?lm=1
142075,Maxim De Cuyper,397,Brighton & Hove Albion FC,Belgium,2000-12-22,25,Defence,Defender,1,2,0,5,0.7,3.2,1.0,https://img.a.transfermarkt.technology/portrait/header/429915-1733899691.jpg?lm=1
147891,Jaouen Hadjam,397,Brighton & Hove Albion FC,Algeria,2003-03-26,23,Defence,Defender,0,0,0,0,0.7,3.2,1.0,
185116,Costinha,397,Brighton & Hove Albion FC,Portugal,2000-03-26,26,Defence,Defender,0,0,0,0,0.7,3.2,1.0,
216835,Luka Vušković,397,Brighton & Hove Albion FC,Croatia,2007-02-24,19,Defence,Defender,1,0,0,5,0.7,3.2,1.0,
3974,Matt O'Riley,397,Brighton & Hove Albion FC,Denmark,2000-11-21,25,Midfield,Midfielder,0,0,0,0,0.7,3.2,1.0,
8273,Pascal Groß,397,Brighton & Hove Albion FC,Germany,1991-06-15,35,Midfield,Midfielder,3,3,1,5,0.7,3.2,1.0,
29319,Femi Azeez,397,Brighton & Hove Albion FC,England,2001-06-05,25,Midfield,Midfielder,0,0,0,0,0.7,3.2,1.0,
145613,Yasin Ayari,397,Brighton & Hove Albion FC,Sweden,2003-10-06,22,Midfield,Midfielder,1,1,0,4,0.7,3.2,1.0,https://img.a.transfermarkt.technology/portrait/header/667287-1746438362.jpg?lm=1
178951,Diego Gómez,397,Brighton & Hove Albion FC,Paraguay,2003-03-27,23,Midfield,Midfielder,0,0,0,0,0.7,3.2,1.0,https://img.a.transfermarkt.technology/portrait/header/996897-1710077684.jpg?lm=1
190851,Jack Hinshelwood,397,Brighton & Hove Albion FC,England,2005-04-11,21,Midfield,Midfielder,2,0,0,1,0.7,3.2,1.0,https://img.a.transfermarkt.technology/portrait/header/867688-1698353957.jpg?lm=1
246670,Malick Yalcouyé,397,Brighton & Hove Albion FC,Mali,2005-11-18,20,Midfield,Midfielder,2,0,0,5,0.7,3.2,1.0,https://img.a.transfermarkt.technology/portrait/header/1178758-1736777511.jpg?lm=1
270273,Chema Andrés,397,Brighton & Hove Albion FC,Spain,2005-04-25,21,Midfield,Midfielder,1,1,0,3,0.7,3.2,1.0,
81189,Georginio Rutter,397,Brighton & Hove Albion FC,France,2002-04-20,24,Offence,Forward,0,0,0,0,0.7,3.2,1.0,https://img.a.transfermarkt.technology/portrait/header/538977-1727785742.jpg?lm=1
130809,Evan Ferguson,397,Brighton & Hove Albion FC,Ireland,2004-10-19,21,Offence,Forward,0,0,0,0,0.7,3.2,1.0,
132707,Kaoru Mitoma,397,Brighton & Hove Albion FC,Japan,1997-05-20,29,Offence,Forward,0,0,0,0,0.7,3.2,1.0,https://img.a.transfermarkt.technology/portrait/header/504849-1731683095.jpg?lm=1
187482,Yankubah Minteh,397,Brighton & Hove Albion FC,Gambia,2004-07-22,22,Offence,Forward,0,0,0,0,0.7,3.2,1.0,
205531,Ibrahim Osman,397,Brighton & Hove Albion FC,Ghana,2004-12-14,21,Offence,Forward,0,0,0,0,0.7,3.2,1.0,
209504,Stefanos Tzimas,397,Brighton & Hove Albion FC,Greece,2006-01-06,20,Offence,Forward,0,0,0,0,0.7,3.2,1.0,https://img.a.transfermarkt.technology/portrait/header/950091-1722955946.jpg?lm=1
260992,Promise Akinpelu,397,Brighton & Hove Albion FC,Canada,2001-07-03,25,Offence,Forward,0,0,0,0,0.7,3.2,1.0,
264300,Charalampos Kostoulas,397,Brighton & Hove Albion FC,Greece,2007-05-30,19,Offence,Forward,2,1,0,5,0.7,3.2,1.0,https://img.a.transfermarkt.technology/portrait/header/1060087-1750779518.jpg?lm=1
279784,Zadok Yohanna,397,Brighton & Hove Albion FC,Nigeria,2007-06-29,19,Offence,Forward,0,0,0,0,0.7,3.2,1.0,
301031,Younes Ibrahim,397,Brighton & Hove Albion FC,Australia,2008-02-16,18,Unknown,Unknown,0,0,0,0,0.7,3.2,1.0,
4419,Ellery Balcombe,402,Brentford FC,England,1999-10-15,26,Goalkeeper,Goalkeeper,0,0,0,0,0.7,2.0,0.8,https://img.a.transfermarkt.technology/portrait/header/456292-1659706694.jpg?lm=1
102046,Caoimhin Kelleher,402,Brentford FC,Ireland,1998-11-23,27,Goalkeeper,Goalkeeper,0,0,0,0,0.7,2.0,0.8,
144530,Hákon Rafn Valdimarsson,402,Brentford FC,Iceland,2001-10-13,24,Goalkeeper,Goalkeeper,0,0,0,0,0.7,2.0,0.8,
4426,Rico Henry,402,Brentford FC,Jamaica,1997-07-08,29,Defence,Defender,0,0,0,0,0.7,2.0,0.8,https://img.a.transfermarkt.technology/portrait/header/339556-1684771012.jpg?lm=1
7720,Sepp van den Berg,402,Brentford FC,Netherlands,2001-12-20,24,Defence,Defender,0,0,0,0,0.7,2.0,0.8,https://img.a.transfermarkt.technology/portrait/header/541231-1692000386.jpg?lm=1
16068,Kristoffer Ajer,402,Brentford FC,Norway,1998-04-17,28,Defence,Defender,0,0,0,0,0.7,2.0,0.8,https://img.a.transfermarkt.technology/portrait/header/328658-1700649482.jpg?lm=1
101111,Aaron Hickey,402,Brentford FC,Scotland,2002-01-01,24,Defence,Defender,0,0,0,0,0.7,2.0,0.8,https://img.a.transfermarkt.technology/portrait/header/591949-1780070754.jpg?lm=1
115642,Nathan Collins,402,Brentford FC,Ireland,2001-04-30,25,Defence,Defender,0,0,0,0,0.7,2.0,0.8,https://img.a.transfermarkt.technology/portrait/header/469050-1688381729.jpg?lm=1
193633,El Hadji Malick Diouf,402,Brentford FC,Senegal,2023-02-21,3,Defence,Defender,0,0,0,0,0.7,2.0,0.8,https://img.a.transfermarkt.technology/portrait/header/1111589-1768815059.jpg?lm=1
204348,Michael Kayode,402,Brentford FC,Italy,2004-07-10,22,Defence,Defender,1,0,0,5,0.7,2.0,0.8,https://img.a.transfermarkt.technology/portrait/header/823486-1725531169.jpg?lm=1
221783,Ji-soo Kim,402,Brentford FC,South Korea,2004-12-24,21,Defence,Defender,0,0,0,0,0.7,2.0,0.8,
227064,Jannik Schuster,402,Brentford FC,Austria,2006-05-16,20,Defence,Defender,0,0,0,0,0.7,2.0,0.8,
245364,Benjamin Fredrick,402,Brentford FC,Nigeria,2005-05-28,21,Defence,Defender,0,0,0,0,0.7,2.0,0.8,
7796,Josh Dasilva,402,Brentford FC,England,1998-10-23,27,Midfield,Midfielder,0,0,0,0,0.7,2.0,0.8,https://img.a.transfermarkt.technology/portrait/header/340321-1769112312.jpg?lm=1
10000,Vitaly Janelt,402,Brentford FC,Germany,1998-05-10,28,Midfield,Midfielder,2,0,0,5,0.7,2.0,0.8,https://img.a.transfermarkt.technology/portrait/header/270171-1649932358.jpg?lm=1
10194,Mathias Jensen,402,Brentford FC,Denmark,1996-01-01,30,Midfield,Midfielder,0,0,0,0,0.7,2.0,0.8,https://img.a.transfermarkt.technology/portrait/header/319859-1684771732.jpg?lm=1
24238,Mikkel Damsgaard,402,Brentford FC,Denmark,2000-07-03,26,Midfield,Midfielder,0,0,0,0,0.7,2.0,0.8,https://img.a.transfermarkt.technology/portrait/header/540941-1668183899.jpg?lm=1
101910,Keane Lewis-Potter,402,Brentford FC,England,2001-02-22,25,Midfield,Midfielder,1,1,0,5,0.7,2.0,0.8,https://img.a.transfermarkt.technology/portrait/header/644401-1767003558.jpg?lm=1
150964,Mamadou Sangare,402,Brentford FC,Mali,2002-06-26,24,Midfield,Midfielder,0,0,0,0,0.7,2.0,0.8,
151119,Fabio Carvalho,402,Brentford FC,Portugal,2002-08-30,24,Midfield,Midfielder,1,0,0,4,0.7,2.0,0.8,
171965,Antoni Milambo,402,Brentford FC,Netherlands,2005-04-03,21,Midfield,Midfielder,0,0,0,0,0.7,2.0,0.8,https://img.a.transfermarkt.technology/portrait/header/683620-1691146656.jpg?lm=1
204421,Yegor Yarmolyuk,402,Brentford FC,Ukraine,2004-03-01,22,Midfield,Midfielder,0,0,0,0,0.7,2.0,0.8,https://img.a.transfermarkt.technology/portrait/header/717411-1740606151.jpg?lm=1
8251,Callum Wilson,402,Brentford FC,England,1992-02-27,34,Offence,Forward,0,0,0,0,0.7,2.0,0.8,https://img.a.transfermarkt.technology/portrait/header/123682-1668090039.jpg?lm=1
123286,Kevin Schade,402,Brentford FC,Germany,2001-11-27,24,Offence,Forward,3,0,0,5,0.7,2.0,0.8,https://img.a.transfermarkt.technology/portrait/header/473050-1700560328.jpg?lm=1
138230,Thiago,402,Brentford FC,Brazil,2001-06-26,25,Offence,Forward,1,0,0,5,0.7,2.0,0.8,
150778,Jaidon Anthony,402,Brentford FC,England,1999-12-01,26,Offence,Forward,1,0,0,5,0.7,2.0,0.8,https://img.a.transfermarkt.technology/portrait/header/684210-1637578473.jpg?lm=1
177305,Dango Ouattara,402,Brentford FC,Burkina Faso,2002-02-11,24,Offence,Forward,0,0,0,0,0.7,2.0,0.8,https://img.a.transfermarkt.technology/portrait/header/823231-1737452292.jpg?lm=1
213296,Gustavo Gomes,402,Brentford FC,Brazil,2005-11-20,20,Offence,Forward,0,0,0,0,0.7,2.0,0.8,
213518,Kaye Furo,402,Brentford FC,Belgium,2007-02-06,19,Offence,Forward,0,0,0,0,0.7,2.0,0.8,
8079,Fraser Forster,1044,AFC Bournemouth,England,1988-03-17,38,Goalkeeper,Goalkeeper,0,0,0,0,0.3,1.2,1.6,https://img.a.transfermarkt.technology/portrait/header/52570-1676412801.jpg?lm=1
41381,Michele Di Gregorio,1044,AFC Bournemouth,Italy,1997-07-27,29,Goalkeeper,Goalkeeper,0,0,0,0,0.3,1.2,1.6,
121765,Đorđe Petrović,1044,AFC Bournemouth,Serbia,1999-10-08,26,Goalkeeper,Goalkeeper,0,0,0,0,0.3,1.2,1.6,
8231,Adam Smith,1044,AFC Bournemouth,England,1991-04-29,35,Defence,Defender,0,0,0,0,0.3,1.2,1.6,https://img.a.transfermarkt.technology/portrait/header/61841-1737920848.jpg?lm=1
8231,Adam Smith,1044,AFC Bournemouth,England,1991-04-29,35,Defence,Defender,0,0,0,0,0.3,1.2,1.6,https://img.a.transfermarkt.technology/portrait/header/163532-1492768741.jpg?lm=1
80765,Max Aarons,1044,AFC Bournemouth,England,2000-01-04,26,Defence,Defender,0,0,0,0,0.3,1.2,1.6,
82145,James Hill,1044,AFC Bournemouth,England,2002-01-10,24,Defence,Defender,0,0,0,0,0.3,1.2,1.6,https://img.a.transfermarkt.technology/portrait/header/611793-1774469525.jpg?lm=1
98745,Bafodé Diakité,1044,AFC Bournemouth,France,2001-01-06,25,Defence,Defender,0,0,0,0,0.3,1.2,1.6,https://img.a.transfermarkt.technology/portrait/header/463605-1666691072.jpg?lm=1
113335,Julian Araujo,1044,AFC Bournemouth,USA,2001-08-13,25,Defence,Defender,0,0,0,0,0.3,1.2,1.6,
135482,Adrien Truffert,1044,AFC Bournemouth,France,2001-11-20,24,Defence,Defender,0,0,0,0,0.3,1.2,1.6,https://img.a.transfermarkt.technology/portrait/header/654539-1754901329.jpg?lm=1
180038,Juanlu,1044,AFC Bournemouth,Spain,2003-08-15,23,Defence,Defender,0,0,0,0,0.3,1.2,1.6,
183583,Julio Soler,1044,AFC Bournemouth,Argentina,2005-02-16,21,Defence,Defender,0,0,0,0,0.3,1.2,1.6,https://img.a.transfermarkt.technology/portrait/header/1009658-1721934099.png?lm=1
185610,Antonio Silva,1044,AFC Bournemouth,Portugal,2003-10-31,22,Defence,Defender,0,0,0,0,0.3,1.2,1.6,
227046,Veljko Milosavljević,1044,AFC Bournemouth,Serbia,2007-06-28,19,Defence,Defender,0,0,0,0,0.3,1.2,1.6,
3327,Lewis Cook,1044,AFC Bournemouth,England,1997-02-03,29,Midfield,Midfielder,0,0,0,0,0.3,1.2,1.6,https://img.a.transfermarkt.technology/portrait/header/249089-1700671190.jpg?lm=1
6396,Marcus Tavernier,1044,AFC Bournemouth,England,1999-03-22,27,Midfield,Midfielder,3,0,0,5,0.3,1.2,1.6,https://img.a.transfermarkt.technology/portrait/header/399434-1700650360.jpg?lm=1
7561,Justin Kluivert,1044,AFC Bournemouth,Netherlands,1999-05-05,27,Midfield,Midfielder,1,0,0,4,0.3,1.2,1.6,https://img.a.transfermarkt.technology/portrait/header/330659-1779893085.jpg?lm=1
34495,Ryan Christie,1044,AFC Bournemouth,Scotland,1995-02-22,31,Midfield,Midfielder,0,0,0,0,0.3,1.2,1.6,https://img.a.transfermarkt.technology/portrait/header/188077-1697450633.jpg?lm=1
77596,Tyler Adams,1044,AFC Bournemouth,USA,1999-02-14,27,Midfield,Midfielder,0,0,0,0,0.3,1.2,1.6,https://img.a.transfermarkt.technology/portrait/header/332705-1754244571.jpg?lm=1
161088,Alex Scott,1044,AFC Bournemouth,England,2003-08-21,23,Midfield,Midfielder,1,0,0,5,0.3,1.2,1.6,https://img.a.transfermarkt.technology/portrait/header/855256-1656922605.jpg?lm=1
192316,Alex Toth,1044,AFC Bournemouth,Hungary,2005-10-23,20,Midfield,Midfielder,0,0,0,0,0.3,1.2,1.6,
273152,Ben Winterburn,1044,AFC Bournemouth,England,2004-09-04,22,Midfield,Midfielder,0,0,0,0,0.3,1.2,1.6,https://img.a.transfermarkt.technology/portrait/header/854721-1746642717.jpg?lm=1
4321,David Brooks,1044,AFC Bournemouth,Wales,1997-07-08,29,Offence,Forward,0,0,0,0,0.3,1.2,1.6,https://img.a.transfermarkt.technology/portrait/header/277033-1700650102.jpg?lm=1
131260,Evanilson,1044,AFC Bournemouth,Brazil,1999-10-06,26,Offence,Forward,0,0,0,0,0.3,1.2,1.6,https://img.a.transfermarkt.technology/portrait/header/711337-1737452098.jpg?lm=1
137047,Amine Adli,1044,AFC Bournemouth,Morocco,2000-05-10,26,Offence,Forward,0,0,0,0,0.3,1.2,1.6,https://img.a.transfermarkt.technology/portrait/header/532776-1689710574.jpg?lm=1
169191,Daniel Jebbison,1044,AFC Bournemouth,Canada,2003-07-11,23,Offence,Forward,0,0,0,0,0.3,1.2,1.6,
176789,Ben Doak,1044,AFC Bournemouth,Scotland,2005-11-11,20,Offence,Forward,0,0,0,0,0.3,1.2,1.6,
189369,Alvaro Rodriguez,1044,AFC Bournemouth,Spain,2004-07-14,22,Offence,Forward,0,0,0,0,0.3,1.2,1.6,
203356,Rayan,1044,AFC Bournemouth,Brazil,2006-08-03,20,Offence,Forward,0,0,0,0,0.3,1.2,1.6,https://img.a.transfermarkt.technology/portrait/header/1012564-1780390891.jpg?lm=1
204241,Eli Kroupi,1044,AFC Bournemouth,France,2006-06-23,20,Offence,Forward,0,0,0,0,0.3,1.2,1.6,
4418,Daniel Bentley,1076,Coventry City FC,England,1993-07-13,33,Goalkeeper,Goalkeeper,0,0,0,0,0.2,0.2,2.0,https://img.a.transfermarkt.technology/portrait/header/136401-1700737411.jpg?lm=1
5347,Ben Wilson,1076,Coventry City FC,England,1992-08-09,34,Goalkeeper,Goalkeeper,0,0,0,0,0.2,0.2,2.0,
171498,Carl Rushworth,1076,Coventry City FC,England,2001-07-02,25,Goalkeeper,Goalkeeper,0,0,0,0,0.2,0.2,2.0,https://img.a.transfermarkt.technology/portrait/header/646353-1664348532.jpg?lm=1
4015,Jake Bidwell,1076,Coventry City FC,England,1993-03-21,33,Defence,Defender,0,0,0,0,0.2,0.2,2.0,
4235,Luke Woolfenden,1076,Coventry City FC,England,1998-10-21,27,Defence,Defender,0,0,0,0,0.2,0.2,2.0,https://img.a.transfermarkt.technology/portrait/header/527425-1664180037.jpg?lm=1
4334,Ethan Pinnock,1076,Coventry City FC,Jamaica,1993-05-29,33,Defence,Defender,0,0,0,0,0.2,0.2,2.0,https://img.a.transfermarkt.technology/portrait/header/442248-1719836196.jpg?lm=1
6308,Jay Dasilva,1076,Coventry City FC,Wales,1998-04-22,28,Defence,Defender,1,0,0,5,0.2,0.2,2.0,
55048,Milan van Ewijk,1076,Coventry City FC,Netherlands,2000-09-08,26,Defence,Defender,0,0,0,0,0.2,0.2,2.0,
130044,Joel Latibeaudiere,1076,Coventry City FC,Jamaica,2000-01-06,26,Defence,Defender,0,0,0,0,0.2,0.2,2.0,
144782,Bobby Thomas,1076,Coventry City FC,England,2001-01-30,25,Defence,Defender,0,0,0,0,0.2,0.2,2.0,https://img.a.transfermarkt.technology/portrait/header/default.jpg?lm=1
169297,Aurele Amenda,1076,Coventry City FC,Switzerland,2003-07-31,23,Defence,Defender,0,0,0,0,0.2,0.2,2.0,
171509,Kaine Kesler,1076,Coventry City FC,England,2002-10-23,23,Defence,Defender,0,0,0,0,0.2,0.2,2.0,
286320,Stephen Mfuni,1076,Coventry City FC,England,2008-02-12,18,Defence,Defender,0,0,0,0,0.2,0.2,2.0,https://img.a.transfermarkt.technology/portrait/header/1049020-1729774935.jpg?lm=1
6358,Matt Grimes,1076,Coventry City FC,England,1995-07-15,31,Midfield,Midfielder,0,0,0,0,0.2,0.2,2.0,https://img.a.transfermarkt.technology/portrait/header/265471-1439814383.jpg?lm=1
9623,Gustavo Hamer,1076,Coventry City FC,Netherlands,1997-06-24,29,Midfield,Midfielder,0,0,0,0,0.2,0.2,2.0,https://img.a.transfermarkt.technology/portrait/header/322985-1682690179.jpg?lm=1
24207,Victor Torp,1076,Coventry City FC,Denmark,1999-07-30,27,Midfield,Midfielder,0,0,0,0,0.2,0.2,2.0,
24210,Frank Onyeka,1076,Coventry City FC,Nigeria,1998-01-01,28,Midfield,Midfielder,0,0,0,0,0.2,0.2,2.0,https://img.a.transfermarkt.technology/portrait/header/421637-1726605377.jpg?lm=1
83372,Josh Eccles,1076,Coventry City FC,England,2000-04-06,26,Midfield,Midfielder,0,0,0,0,0.2,0.2,2.0,
114123,Jack Rudoni,1076,Coventry City FC,England,2001-06-14,25,Midfield,Midfielder,0,0,0,0,0.2,0.2,2.0,
262187,Caleb Yirenkyi,1076,Coventry City FC,Ghana,2006-01-15,20,Midfield,Midfielder,0,0,0,0,0.2,0.2,2.0,
6009,Ephron Mason-Clark,1076,Coventry City FC,England,1999-08-25,27,Offence,Forward,0,0,0,0,0.2,0.2,2.0,
6389,Brandon Thomas-Asante,1076,Coventry City FC,Ghana,1998-12-29,27,Offence,Forward,0,0,0,0,0.2,0.2,2.0,
9218,Taiwo Awoniyi,1076,Coventry City FC,Nigeria,1997-08-12,29,Offence,Forward,0,0,0,0,0.2,0.2,2.0,https://img.a.transfermarkt.technology/portrait/header/295313-1774469214.jpg?lm=1
10076,Haji Wright,1076,Coventry City FC,USA,1998-03-27,28,Offence,Forward,0,0,0,0,0.2,0.2,2.0,
113632,Tatsuhiro Sakamoto,1076,Coventry City FC,Japan,1996-10-22,29,Offence,Forward,0,0,0,0,0.2,0.2,2.0,
146122,Ellis Simms,1076,Coventry City FC,England,2001-01-05,25,Offence,Forward,0,0,0,0,0.2,0.2,2.0,https://img.a.transfermarkt.technology/portrait/header/511550-1553872488.jpg?lm=1
170394,Loum Tchaouna,1076,Coventry City FC,France,2003-09-08,23,Offence,Forward,0,0,0,0,0.2,0.2,2.0,https://img.a.transfermarkt.technology/portrait/header/607226-1695710683.jpg?lm=1
213712,Sidiki Cherif,1076,Coventry City FC,Guinea,2006-12-15,19,Offence,Forward,0,0,0,0,0.2,0.2,2.0,
