player_id,player_name,team_id,team,nationality,date_of_birth,age,position,position_group,goals,assists,penalties,matches_played,team_win_rate,team_goals_for_avg,team_goals_against_avg,market_value_eur
3189,Kepa Arrizabalaga,57,Arsenal FC,Spain,1994-10-03,31,Goalkeeper,Goalkeeper,0,0,0,0,0.8,1.6,0.8,5000000.0
4832,David Raya,57,Arsenal FC,Spain,1995-09-15,31,Goalkeeper,Goalkeeper,0,0,0,0,0.8,1.6,0.8,30000000.0
74831,Illan Meslier,57,Arsenal FC,France,2000-03-02,26,Goalkeeper,Goalkeeper,0,0,0,0,0.8,1.6,0.8,8000000.0
6154,Ben White,57,Arsenal FC,England,1997-10-08,28,Defence,Defender,0,0,0,0,0.8,1.6,0.8,30000000.0
6317,Ezri Konsa,57,Arsenal FC,England,1997-10-23,28,Defence,Defender,0,0,0,0,0.8,1.6,0.8,40000000.0
80171,William Saliba,57,Arsenal FC,France,2001-03-24,25,Defence,Defender,0,0,0,0,0.8,1.6,0.8,100000000.0
98816,Jurrien Timber,57,Arsenal FC,Netherlands,2001-06-17,25,Defence,Defender,0,0,0,0,0.8,1.6,0.8,70000000.0
125674,Piero Hincapié,57,Arsenal FC,Ecuador,2002-01-09,24,Defence,Defender,0,0,0,0,0.8,1.6,0.8,50000000.0
133512,Riccardo Calafiori,57,Arsenal FC,Italy,2002-05-19,24,Defence,Defender,0,0,0,0,0.8,1.6,0.8,55000000.0
172839,Cristhian Mosquera,57,Arsenal FC,Spain,2004-06-27,22,Defence,Defender,0,0,0,0,0.8,1.6,0.8,40000000.0
1684,Bruno Guimarães,57,Arsenal FC,Brazil,1997-11-16,28,Midfield,Midfielder,1,0,0,4,0.8,1.6,0.8,70000000.0
4032,Eberechi Eze,57,Arsenal FC,England,1998-06-29,28,Midfield,Midfielder,0,0,0,0,0.8,1.6,0.8,65000000.0
7427,Martin Ødegaard,57,Arsenal FC,Norway,1998-12-17,27,Midfield,Midfielder,2,0,0,5,0.8,1.6,0.8,65000000.0
7935,Mikel Merino,57,Arsenal FC,Spain,1996-06-22,30,Midfield,Midfielder,0,0,0,0,0.8,1.6,0.8,25000000.0
8215,Declan Rice,57,Arsenal FC,England,1999-01-14,27,Midfield,Midfielder,0,0,0,0,0.8,1.6,0.8,120000000.0
115035,Martín Zubimendi,57,Arsenal FC,Spain,1999-02-02,27,Midfield,Midfielder,0,0,0,0,0.8,1.6,0.8,75000000.0
244120,Myles Lewis-Skelly,57,Arsenal FC,England,2006-09-26,20,Midfield,Midfielder,0,0,0,0,0.8,1.6,0.8,45000000.0
171,Kai Havertz,57,Arsenal FC,Germany,1999-06-11,27,Offence,Forward,2,0,0,5,0.8,1.6,0.8,55000000.0
8279,Viktor Gyökeres,57,Arsenal FC,Sweden,1998-06-04,28,Offence,Forward,0,0,0,0,0.8,1.6,0.8,65000000.0
99813,Bukayo Saka,57,Arsenal FC,England,2001-09-05,25,Offence,Forward,3,0,1,5,0.8,1.6,0.8,110000000.0
167720,Noni Madueke,57,Arsenal FC,England,2002-03-10,24,Offence,Forward,0,0,0,0,0.8,1.6,0.8,50000000.0
285128,Max Dowman,57,Arsenal FC,England,2009-12-31,16,Offence,Forward,0,0,0,0,0.8,1.6,0.8,30000000.0
7675,Marco Bizot,58,Aston Villa FC,Netherlands,1991-03-10,35,Goalkeeper,Goalkeeper,0,0,0,0,0.3,0.8,1.8,1500000.0
8158,Aaron Wan-Bissaka,58,Aston Villa FC,Congo DR,1997-11-26,28,Defence,Defender,0,0,0,0,0.3,0.8,1.8,15000000.0
8235,Tyrone Mings,58,Aston Villa FC,England,1993-03-13,33,Defence,Defender,0,0,0,0,0.3,0.8,1.8,3000000.0
11644,Matty Cash,58,Aston Villa FC,Poland,1997-08-07,29,Defence,Defender,0,0,0,0,0.3,0.8,1.8,22000000.0
33109,Pau Torres,58,Aston Villa FC,Spain,1997-01-16,29,Defence,Defender,0,0,0,0,0.3,0.8,1.8,20000000.0
131120,Ian Maatsen,58,Aston Villa FC,Netherlands,2002-03-10,24,Defence,Defender,0,0,0,0,0.3,0.8,1.8,30000000.0
7817,Ross Barkley,58,Aston Villa FC,England,1993-12-05,32,Midfield,Midfielder,0,0,0,0,0.3,0.8,1.8,4000000.0
8346,Boubacar Kamara,58,Aston Villa FC,France,1999-11-23,26,Midfield,Midfielder,0,0,0,0,0.3,0.8,1.8,40000000.0
31941,Emiliano Buendía,58,Aston Villa FC,Argentina,1996-12-25,29,Midfield,Midfielder,1,0,0,5,0.3,0.8,1.8,16000000.0
34646,John McGinn,58,Aston Villa FC,Scotland,1994-10-18,31,Midfield,Midfielder,0,0,0,0,0.3,0.8,1.8,13000000.0
114024,Amadou Onana,58,Aston Villa FC,Belgium,2001-08-16,25,Midfield,Midfielder,0,0,0,0,0.3,0.8,1.8,45000000.0
138034,João Gomes,58,Aston Villa FC,Brazil,2001-02-12,25,Midfield,Midfielder,0,0,0,0,0.3,0.8,1.8,40000000.0
172899,Lamare Bogarde,58,Aston Villa FC,Netherlands,2004-01-05,22,Midfield,Midfielder,0,0,0,0,0.3,0.8,1.8,18000000.0
181901,Alejandro Garnacho,58,Aston Villa FC,Argentina,2004-07-01,22,Offence,Forward,0,0,0,0,0.3,0.8,1.8,28000000.0
260718,Alysson,58,Aston Villa FC,Brazil,2006-05-05,20,Offence,Forward,1,0,0,4,0.3,0.8,1.8,10000000.0
3141,Emiliano Martínez,61,Chelsea FC,Argentina,1992-09-02,34,Goalkeeper,Goalkeeper,0,0,0,0,0.5,2.0,2.4,12000000.0
137544,Gabriel Slonina,61,Chelsea FC,USA,2004-05-15,22,Goalkeeper,Goalkeeper,0,0,0,0,0.5,2.0,2.4,3000000.0
175910,Teddy Sharman-Lowe,61,Chelsea FC,England,2003-01-19,23,Goalkeeper,Goalkeeper,0,0,0,0,0.5,2.0,2.4,500000.0
8545,Wesley Fofana,61,Chelsea FC,France,2000-12-17,25,Defence,Defender,0,0,0,0,0.5,2.0,2.4,28000000.0
56628,Reece James,61,Chelsea FC,England,1999-12-08,26,Defence,Defender,0,0,0,0,0.5,2.0,2.4,60000000.0
82351,Maxence Lacroix,61,Chelsea FC,France,2000-04-06,26,Defence,Defender,0,0,0,0,0.5,2.0,2.4,50000000.0
152498,Malo Gusto,61,Chelsea FC,France,2003-05-19,23,Defence,Defender,0,0,0,0,0.5,2.0,2.4,35000000.0
170440,Levi Colwill,61,Chelsea FC,England,2003-02-26,23,Defence,Defender,0,0,0,0,0.5,2.0,2.4,50000000.0
189477,Jorrel Hato,61,Chelsea FC,Netherlands,2006-03-07,20,Defence,Defender,0,0,0,0,0.5,2.0,2.4,40000000.0
249320,Josh Acheampong,61,Chelsea FC,England,2006-05-05,20,Defence,Defender,0,0,0,0,0.5,2.0,2.4,25000000.0
3320,Jordan Henderson,61,Chelsea FC,England,1990-06-17,36,Midfield,Midfielder,0,0,0,0,0.5,2.0,2.4,1200000.0
82140,Morgan Rogers,61,Chelsea FC,England,2002-07-26,24,Midfield,Midfielder,3,1,0,5,0.5,2.0,2.4,90000000.0
121103,Moisés Caicedo,61,Chelsea FC,Ecuador,2001-11-02,24,Midfield,Midfielder,0,0,0,0,0.5,2.0,2.4,100000000.0
144892,Cole Palmer,61,Chelsea FC,England,2002-05-06,24,Midfield,Midfielder,2,2,0,5,0.5,2.0,2.4,100000000.0
172738,Romeo Lavia,61,Chelsea FC,Belgium,2004-01-06,22,Midfield,Midfielder,1,0,0,5,0.5,2.0,2.4,22000000.0
2074,Pedro Neto,61,Chelsea FC,Portugal,2000-03-09,26,Offence,Forward,1,0,0,5,0.5,2.0,2.4,60000000.0
3328,Danny Welbeck,61,Chelsea FC,England,1990-11-26,35,Offence,Forward,0,0,0,0,0.5,2.0,2.4,3000000.0
103125,João Pedro,61,Chelsea FC,Brazil,2001-09-26,25,Offence,Forward,3,3,0,4,0.5,2.0,2.4,80000000.0
244778,Estevao,61,Chelsea FC,Brazil,2007-04-24,19,Offence,Forward,0,0,0,0,0.5,2.0,2.4,80000000.0
3309,Jordan Pickford,62,Everton FC,England,1994-03-07,32,Goalkeeper,Goalkeeper,0,0,0,0,0.7,1.2,0.6,13000000.0
82135,Mark Travers,62,Everton FC,Ireland,1999-05-18,27,Goalkeeper,Goalkeeper,0,0,0,0,0.7,1.2,0.6,3000000.0
3316,James Tarkowski,62,Everton FC,England,1992-11-19,33,Defence,Defender,1,1,0,5,0.7,1.2,0.6,5000000.0
7829,Michael Keane,62,Everton FC,England,1993-01-11,33,Defence,Defender,0,0,0,0,0.7,1.2,0.6,3000000.0
114120,Jarrad Branthwaite,62,Everton FC,England,2002-06-27,24,Defence,Defender,0,0,0,0,0.7,1.2,0.6,40000000.0
131569,Jake O'Brien,62,Everton FC,Ireland,2001-05-15,25,Defence,Defender,0,0,0,0,0.7,1.2,0.6,18000000.0
24102,Christian Nørgaard,62,Everton FC,Denmark,1994-03-10,32,Midfield,Midfielder,0,0,0,0,0.7,1.2,0.6,5000000.0
101076,James Garner,62,Everton FC,England,2001-03-13,25,Midfield,Midfielder,0,0,0,0,0.7,1.2,0.6,45000000.0
140194,Kiernan Dewsbury Hall,62,Everton FC,England,1998-09-06,28,Midfield,Midfielder,1,0,0,5,0.7,1.2,0.6,35000000.0
140269,Carlos Alcaraz,62,Everton FC,Argentina,2002-11-30,23,Midfield,Midfielder,0,0,0,0,0.7,1.2,0.6,15000000.0
156552,Merlin Röhl,62,Everton FC,Germany,2002-07-05,24,Midfield,Midfielder,0,0,0,0,0.7,1.2,0.6,16000000.0
264281,Harrison Armstrong,62,Everton FC,England,2007-01-19,19,Midfield,Midfielder,0,0,0,0,0.7,1.2,0.6,12000000.0
3895,Jack Grealish,62,Everton FC,England,1995-09-10,31,Offence,Forward,0,0,0,0,0.7,1.2,0.6,20000000.0
124694,Brennan Johnson,62,Everton FC,Wales,2001-05-23,25,Offence,Forward,0,0,0,0,0.7,1.2,0.6,30000000.0
171995,Thierno Barry,62,Everton FC,France,2000-01-12,26,Offence,Forward,2,0,0,5,0.7,1.2,0.6,30000000.0
218525,Tyler Dibling,62,Everton FC,England,2006-02-17,20,Offence,Forward,0,0,0,0,0.7,1.2,0.6,17000000.0
250436,Tyrique George,62,Everton FC,England,2006-02-04,20,Offence,Forward,1,0,0,5,0.7,1.2,0.6,20000000.0
3174,Bernd Leno,63,Fulham FC,Germany,1992-03-04,34,Goalkeeper,Goalkeeper,0,0,0,0,0.2,1.0,1.6,6000000.0
8366,Benjamin Lecomte,63,Fulham FC,France,1991-04-26,35,Goalkeeper,Goalkeeper,0,0,0,0,0.2,1.0,1.6,800000.0
1836,Timothy Castagne,63,Fulham FC,Belgium,1995-12-05,30,Defence,Defender,0,0,0,0,0.2,1.0,1.6,8000000.0
2253,Joachim Andersen,63,Fulham FC,Denmark,1996-05-31,30,Defence,Defender,0,0,0,0,0.2,1.0,1.6,20000000.0
3927,Antonee Robinson,63,Fulham FC,USA,1997-08-08,29,Defence,Defender,0,0,0,0,0.2,1.0,1.6,22000000.0
3959,Ryan Sessegnon,63,Fulham FC,England,2000-05-18,26,Defence,Defender,0,0,0,0,0.2,1.0,1.6,22000000.0
8460,Kenny Tete,63,Fulham FC,Netherlands,1995-10-09,30,Defence,Defender,0,0,0,0,0.2,1.0,1.6,8000000.0
98750,Jorge Cuenca,63,Fulham FC,Spain,1999-11-17,26,Defence,Defender,0,0,0,0,0.2,1.0,1.6,8000000.0
146154,Calvin Bassey,63,Fulham FC,Nigeria,1999-12-31,26,Defence,Defender,0,0,0,0,0.2,1.0,1.6,28000000.0
3965,Tom Cairney,63,Fulham FC,England,1991-01-20,35,Midfield,Midfielder,0,0,0,0,0.2,1.0,1.6,500000.0
3995,Harrison Reed,63,Fulham FC,England,1995-01-27,31,Midfield,Midfielder,0,0,0,0,0.2,1.0,1.6,2000000.0
8973,Sander Berge,63,Fulham FC,Norway,1998-02-14,28,Midfield,Midfielder,0,0,0,0,0.2,1.0,1.6,25000000.0
85570,Emile Smith Rowe,63,Fulham FC,England,2000-07-28,26,Midfield,Midfielder,0,0,0,0,0.2,1.0,1.6,20000000.0
192108,Shea Charles,63,Fulham FC,Northern Ireland,2003-11-05,22,Midfield,Midfielder,0,0,0,0,0.2,1.0,1.6,15000000.0
3392,Alex Iwobi,63,Fulham FC,Nigeria,1996-05-03,30,Offence,Forward,0,0,0,0,0.2,1.0,1.6,20000000.0
138036,Rodrigo Muniz,63,Fulham FC,Brazil,2001-05-04,25,Offence,Forward,0,0,0,0,0.2,1.0,1.6,20000000.0
179716,Oscar Bobb,63,Fulham FC,Norway,2003-07-12,23,Offence,Forward,0,0,0,0,0.2,1.0,1.6,28000000.0
217577,Jonah Kusi-Asare,63,Fulham FC,Sweden,2007-07-04,19,Offence,Forward,0,0,0,0,0.2,1.0,1.6,3000000.0
11629,Freddie Woodman,64,Liverpool FC,England,1997-03-04,29,Goalkeeper,Goalkeeper,0,0,0,0,0.7,1.4,0.8,3000000.0
84506,Giorgi Mamardashvili,64,Liverpool FC,Georgia,2000-09-29,25,Goalkeeper,Goalkeeper,0,0,0,0,0.7,1.4,0.8,28000000.0
165154,Harvey Davies,64,Liverpool FC,England,2003-09-03,23,Goalkeeper,Goalkeeper,0,0,0,0,0.7,1.4,0.8,500000.0
7862,Joe Gomez,64,Liverpool FC,England,1997-05-23,29,Defence,Defender,0,0,0,0,0.7,1.4,0.8,13000000.0
7869,Virgil van Dijk,64,Liverpool FC,Netherlands,1991-07-08,35,Defence,Defender,0,0,0,0,0.7,1.4,0.8,15000000.0
128954,Jeremie Frimpong,64,Liverpool FC,Netherlands,2000-12-10,25,Defence,Defender,0,0,0,0,0.7,1.4,0.8,35000000.0
171141,Milos Kerkez,64,Liverpool FC,Hungary,2003-11-07,22,Defence,Defender,0,0,0,0,0.7,1.4,0.8,35000000.0
175865,Conor Bradley,64,Liverpool FC,Northern Ireland,2003-07-09,23,Defence,Defender,0,0,0,0,0.7,1.4,0.8,25000000.0
192563,Giovanni Leoni,64,Liverpool FC,Italy,2006-12-21,19,Defence,Defender,0,0,0,0,0.7,1.4,0.8,25000000.0
3269,Wataru Endō,64,Liverpool FC,Japan,1993-02-09,33,Midfield,Midfielder,0,0,0,0,0.7,1.4,0.8,4000000.0
16347,Dominik Szoboszlai,64,Liverpool FC,Hungary,2000-10-25,25,Midfield,Midfielder,1,0,1,5,0.7,1.4,0.8,100000000.0
19334,Florian Wirtz,64,Liverpool FC,Germany,2003-05-03,23,Midfield,Midfielder,0,0,0,0,0.7,1.4,0.8,100000000.0
45681,Alexis Mac Allister,64,Liverpool FC,Argentina,1998-12-24,27,Midfield,Midfielder,0,0,0,0,0.7,1.4,0.8,70000000.0
81793,Ryan Gravenberch,64,Liverpool FC,Netherlands,2002-05-16,24,Midfield,Midfielder,0,0,0,0,0.7,1.4,0.8,80000000.0
230517,Trey Nyoni,64,Liverpool FC,England,2007-06-30,19,Midfield,Midfielder,0,0,0,0,0.7,1.4,0.8,8000000.0
1780,Federico Chiesa,64,Liverpool FC,Italy,1997-10-25,28,Offence,Forward,0,0,0,0,0.7,1.4,0.8,13000000.0
6486,Alexander Isak,64,Liverpool FC,Sweden,1999-09-21,27,Offence,Forward,4,0,0,5,0.7,1.4,0.8,85000000.0
7459,Cody Gakpo,64,Liverpool FC,Netherlands,1999-05-07,27,Offence,Forward,1,3,0,5,0.7,1.4,0.8,60000000.0
152454,Hugo Ekitike,64,Liverpool FC,France,2002-06-20,24,Offence,Forward,0,0,0,0,0.7,1.4,0.8,80000000.0
273453,Rio Ngumoha,64,Liverpool FC,England,2008-08-29,18,Offence,Forward,0,0,0,0,0.7,1.4,0.8,30000000.0
1731,Gianluigi Donnarumma,65,Manchester City FC,Italy,1999-02-25,27,Goalkeeper,Goalkeeper,0,0,0,0,1.0,2.6,1.0,45000000.0
3953,Marcus Bettinelli,65,Manchester City FC,England,1992-05-24,34,Goalkeeper,Goalkeeper,0,0,0,0,1.0,2.6,1.0,300000.0
8642,Rayan Aït Nouri,65,Manchester City FC,Algeria,2001-06-06,25,Defence,Defender,0,0,0,0,1.0,2.6,1.0,40000000.0
10183,Rúben Dias,65,Manchester City FC,Portugal,1997-05-14,29,Defence,Defender,0,0,0,0,1.0,2.6,1.0,55000000.0
91512,Matheus Nunes,65,Manchester City FC,Portugal,1998-08-27,28,Defence,Defender,0,0,0,0,1.0,2.6,1.0,50000000.0
118489,Marc Guéhi,65,Manchester City FC,England,2000-07-13,26,Defence,Defender,1,1,0,5,1.0,2.6,1.0,70000000.0
122266,Joško Gvardiol,65,Manchester City FC,Croatia,2002-01-23,24,Defence,Defender,1,2,0,5,1.0,2.6,1.0,70000000.0
187202,Rico Lewis,65,Manchester City FC,England,2004-11-21,21,Defence,Defender,0,0,0,0,1.0,2.6,1.0,28000000.0
206743,Nico O'Reilly,65,Manchester City FC,England,2005-03-21,21,Defence,Defender,0,0,0,0,1.0,2.6,1.0,70000000.0
212868,Abdukodir Khusanov,65,Manchester City FC,Uzbekistan,2004-02-29,22,Defence,Defender,0,0,0,0,1.0,2.6,1.0,50000000.0
65,Mateo Kovačić,65,Manchester City FC,Croatia,1994-05-06,32,Midfield,Midfielder,0,0,0,0,1.0,2.6,1.0,10000000.0
7888,Phil Foden,65,Manchester City FC,England,2000-05-28,26,Midfield,Midfielder,0,0,0,0,1.0,2.6,1.0,70000000.0
102603,Enzo Fernández,65,Manchester City FC,Argentina,2001-01-17,25,Midfield,Midfielder,1,0,0,4,1.0,2.6,1.0,90000000.0
107330,Elliot Anderson,65,Manchester City FC,England,2002-11-06,23,Midfield,Midfielder,0,0,0,0,1.0,2.6,1.0,75000000.0
133242,Rayan Cherki,65,Manchester City FC,France,2003-08-17,23,Midfield,Midfielder,3,2,0,5,1.0,2.6,1.0,90000000.0
4417,Antoine Semenyo,65,Manchester City FC,Ghana,2000-01-07,26,Offence,Forward,2,3,0,5,1.0,2.6,1.0,80000000.0
38101,Erling Haaland,65,Manchester City FC,Norway,2000-07-21,26,Offence,Forward,5,0,0,5,1.0,2.6,1.0,200000000.0
94091,Iliman Ndiaye,65,Manchester City FC,Senegal,2000-03-06,26,Offence,Forward,0,0,0,0,1.0,2.6,1.0,55000000.0
99775,Jeremy Doku,65,Manchester City FC,Belgium,2002-05-27,24,Offence,Forward,0,0,0,0,1.0,2.6,1.0,75000000.0
7913,Karl Darlow,66,Manchester United FC,Wales,1990-10-08,35,Goalkeeper,Goalkeeper,0,0,0,0,0.4,1.6,1.6,200000.0
8035,Tom Heaton,66,Manchester United FC,England,1986-04-15,40,Goalkeeper,Goalkeeper,0,0,0,0,0.4,1.6,1.6,100000.0
3326,Harry Maguire,66,Manchester United FC,England,1993-03-05,33,Defence,Defender,0,0,0,0,0.4,1.6,1.6,8000000.0
7549,Matthijs de Ligt,66,Manchester United FC,Netherlands,1999-08-12,27,Defence,Defender,0,0,0,0,0.4,1.6,1.6,30000000.0
7553,Noussair Mazraoui,66,Manchester United FC,Morocco,1997-11-14,28,Defence,Defender,0,0,0,0,0.4,1.6,1.6,18000000.0
7898,Luke Shaw,66,Manchester United FC,England,1995-07-12,31,Defence,Defender,0,0,0,0,0.4,1.6,1.6,8000000.0
15905,Diogo Dalot,66,Manchester United FC,Portugal,1999-03-18,27,Defence,Defender,0,0,0,0,0.4,1.6,1.6,30000000.0
46451,Lisandro Martínez,66,Manchester United FC,Argentina,1998-01-18,28,Defence,Defender,0,0,0,0,0.4,1.6,1.6,40000000.0
181933,Leny Yoro,66,Manchester United FC,France,2005-11-13,20,Defence,Defender,0,0,0,0,0.4,1.6,1.6,50000000.0
247644,Ayden Heaven,66,Manchester United FC,England,2006-09-22,20,Defence,Defender,0,0,0,0,0.4,1.6,1.6,30000000.0
3257,Bruno Fernandes,66,Manchester United FC,Portugal,1994-09-08,32,Midfield,Midfielder,3,1,1,5,0.4,1.6,1.6,35000000.0
3658,Youri Tielemans,66,Manchester United FC,Belgium,1997-05-07,29,Midfield,Midfielder,0,0,0,0,0.4,1.6,1.6,30000000.0
7599,Mason Mount,66,Manchester United FC,England,1999-01-10,27,Midfield,Midfielder,0,0,0,0,0.4,1.6,1.6,25000000.0
28549,Manuel Ugarte,66,Manchester United FC,Uruguay,2001-04-11,25,Midfield,Midfielder,0,0,0,0,0.4,1.6,1.6,25000000.0
166366,Andrey Santos,66,Manchester United FC,Brazil,2004-05-03,22,Midfield,Midfielder,0,0,0,0,0.4,1.6,1.6,40000000.0
178604,Carlos Baleba,66,Manchester United FC,Cameroon,2004-01-03,22,Midfield,Midfielder,0,0,0,0,0.4,1.6,1.6,55000000.0
190797,Kobbie Mainoo,66,Manchester United FC,England,2005-04-19,21,Midfield,Midfielder,0,0,0,0,0.4,1.6,1.6,70000000.0
271941,Jack Fletcher,66,Manchester United FC,England,2007-03-19,19,Midfield,Midfielder,0,0,0,0,0.4,1.6,1.6,1000000.0
8626,Bryan Mbeumo,66,Manchester United FC,Cameroon,1999-08-07,27,Offence,Forward,2,0,0,5,0.4,1.6,1.6,75000000.0
30842,Matheus Cunha,66,Manchester United FC,Brazil,1999-05-27,27,Offence,Forward,1,1,0,5,0.4,1.6,1.6,75000000.0
99731,Joshua Zirkzee,66,Manchester United FC,Netherlands,2001-05-22,25,Offence,Forward,0,0,0,0,0.4,1.6,1.6,20000000.0
124244,Benjamin Šeško,66,Manchester United FC,Slovenia,2003-05-31,23,Offence,Forward,1,0,0,4,0.4,1.6,1.6,75000000.0
133584,Amad Diallo,66,Manchester United FC,Ivory Coast,2002-07-11,24,Offence,Forward,0,0,0,0,0.4,1.6,1.6,45000000.0
211559,Patrick Dorgu,66,Manchester United FC,Denmark,2004-10-26,21,Offence,Forward,0,0,0,0,0.4,1.6,1.6,35000000.0
3310,Nick Pope,67,Newcastle United FC,England,1992-04-19,34,Goalkeeper,Goalkeeper,0,0,0,0,0.6,1.8,1.8,5000000.0
5048,Mark Gillespie,67,Newcastle United FC,England,1992-03-27,34,Goalkeeper,Goalkeeper,0,0,0,0,0.6,1.8,1.8,100000.0
88,Fabian Schär,67,Newcastle United FC,Switzerland,1991-12-20,34,Defence,Defender,0,0,0,0,0.6,1.8,1.8,4000000.0
4870,Dan Burn,67,Newcastle United FC,England,1992-05-09,34,Defence,Defender,0,0,0,0,0.6,1.8,1.8,4000000.0
81082,Sven Botman,67,Newcastle United FC,Netherlands,2000-01-12,26,Defence,Defender,0,0,0,0,0.6,1.8,1.8,35000000.0
142732,Malick Thiaw,67,Newcastle United FC,Germany,2001-08-08,25,Defence,Defender,0,0,0,0,0.6,1.8,1.8,45000000.0
191140,Lewis Hall,67,Newcastle United FC,England,2025-06-30,1,Defence,Defender,1,1,0,5,0.6,1.8,1.8,40000000.0
7798,Joe Willock,67,Newcastle United FC,England,1999-08-20,27,Midfield,Midfielder,2,0,0,5,0.6,1.8,1.8,14000000.0
10653,Joelinton,67,Newcastle United FC,Brazil,1996-08-14,30,Midfield,Midfielder,0,0,0,0,0.6,1.8,1.8,25000000.0
111437,Jacob Ramsey,67,Newcastle United FC,England,2001-05-28,25,Midfield,Midfielder,1,0,0,4,0.6,1.8,1.8,35000000.0
171986,Nico Gonzalez,67,Newcastle United FC,Spain,2002-01-03,24,Midfield,Midfielder,0,0,0,0,0.6,1.8,1.8,40000000.0
191939,Lewis Miley,67,Newcastle United FC,England,2006-05-01,20,Midfield,Midfielder,0,0,0,0,0.6,1.8,1.8,25000000.0
612,Yoane Wissa,67,Newcastle United FC,Congo DR,1996-09-03,30,Offence,Forward,1,1,0,5,0.6,1.8,1.8,25000000.0
7934,Jacob Murphy,67,Newcastle United FC,England,1995-02-24,31,Offence,Forward,0,0,0,0,0.6,1.8,1.8,12000000.0
8076,Harvey Barnes,67,Newcastle United FC,England,1997-12-09,28,Offence,Forward,1,2,0,5,0.6,1.8,1.8,32000000.0
166376,Anthony Elanga,67,Newcastle United FC,Sweden,2002-04-27,24,Offence,Forward,2,0,0,3,0.6,1.8,1.8,32000000.0
169324,William Osula,67,Newcastle United FC,Denmark,2003-08-04,23,Offence,Forward,0,0,0,0,0.6,1.8,1.8,28000000.0
4292,Simon Moore,71,Sunderland AFC,England,1990-05-19,36,Goalkeeper,Goalkeeper,0,0,0,0,0.3,1.2,2.0,75000.0
137691,Robin Roefs,71,Sunderland AFC,Netherlands,2003-01-17,23,Goalkeeper,Goalkeeper,0,0,0,0,0.3,1.2,2.0,28000000.0
150893,Melker Ellborg,71,Sunderland AFC,Sweden,2003-05-22,23,Goalkeeper,Goalkeeper,0,0,0,0,0.3,1.2,2.0,3000000.0
6259,Luke O'Nien,71,Sunderland AFC,England,1994-11-21,31,Defence,Defender,0,0,0,0,0.3,1.2,2.0,700000.0
6655,Kevin Danso,71,Sunderland AFC,Austria,1998-09-19,28,Defence,Defender,0,0,0,0,0.3,1.2,2.0,20000000.0
8371,Nordi Mukiele,71,Sunderland AFC,France,1997-11-01,28,Defence,Defender,0,0,0,0,0.3,1.2,2.0,16000000.0
46491,Omar Alderete,71,Sunderland AFC,Paraguay,1996-12-26,29,Defence,Defender,0,0,0,0,0.3,1.2,2.0,13000000.0
117687,Trai Hume,71,Sunderland AFC,Northern Ireland,2002-03-18,24,Defence,Defender,0,0,0,0,0.3,1.2,2.0,22000000.0
3477,Granit Xhaka,71,Sunderland AFC,Switzerland,1992-09-27,33,Midfield,Midfielder,0,0,0,0,0.3,1.2,2.0,8000000.0
99664,Enzo Le Fée,71,Sunderland AFC,France,2000-02-03,26,Midfield,Midfielder,1,1,1,5,0.3,1.2,2.0,28000000.0
165311,Abdoullah Ba,71,Sunderland AFC,France,2003-07-31,23,Midfield,Midfielder,0,0,0,0,0.3,1.2,2.0,1500000.0
171876,Habib Diarra,71,Sunderland AFC,Senegal,2004-01-03,22,Midfield,Midfielder,0,0,0,0,0.3,1.2,2.0,35000000.0
182273,Noah Sadiki,71,Sunderland AFC,Congo DR,2004-12-17,21,Midfield,Midfielder,0,0,0,0,0.3,1.2,2.0,35000000.0
190817,Chris Rigg,71,Sunderland AFC,England,2007-06-18,19,Midfield,Midfielder,0,0,0,0,0.3,1.2,2.0,25000000.0
83599,Wilson Isidor,71,Sunderland AFC,Haiti,2000-08-27,26,Offence,Forward,1,0,0,5,0.3,1.2,2.0,18000000.0
97535,Brian Brobbey,71,Sunderland AFC,Netherlands,2002-02-01,24,Offence,Forward,3,0,0,5,0.3,1.2,2.0,30000000.0
172275,Romaine Mundle,71,Sunderland AFC,England,2003-04-24,23,Offence,Forward,0,0,0,0,0.3,1.2,2.0,7000000.0
192313,Chemsdine Talbi,71,Sunderland AFC,Morocco,2005-05-09,21,Offence,Forward,0,0,0,0,0.3,1.2,2.0,25000000.0
7914,Martin Dúbravka,73,Tottenham Hotspur FC,Slovakia,1989-01-15,37,Goalkeeper,Goalkeeper,0,0,0,0,0.2,0.4,1.6,500000.0
133229,Brandon Austin,73,Tottenham Hotspur FC,England,1999-01-08,27,Goalkeeper,Goalkeeper,0,0,0,0,0.2,0.4,1.6,500000.0
255239,Antonín Kinský,73,Tottenham Hotspur FC,Czech Republic,2003-03-13,23,Goalkeeper,Goalkeeper,0,0,0,0,0.2,0.4,1.6,15000000.0
7868,Andrew Robertson,73,Tottenham Hotspur FC,Scotland,1994-03-11,32,Defence,Defender,0,0,0,0,0.2,0.4,1.6,7000000.0
7880,Tosin Adarabioyo,73,Tottenham Hotspur FC,England,1997-09-24,29,Defence,Defender,0,0,0,0,0.2,0.4,1.6,16000000.0
7994,Ben Davies,73,Tottenham Hotspur FC,Wales,1993-04-24,33,Defence,Defender,0,0,0,0,0.2,0.4,1.6,3000000.0
46046,Marcos Senesi,73,Tottenham Hotspur FC,Argentina,1997-05-10,29,Defence,Defender,0,0,0,0,0.2,0.4,1.6,25000000.0
81037,Pedro Porro,73,Tottenham Hotspur FC,Spain,1999-09-13,27,Defence,Defender,0,0,0,0,0.2,0.4,1.6,35000000.0
98566,Jan Paul van Hecke,73,Tottenham Hotspur FC,Netherlands,2000-06-08,26,Defence,Defender,1,0,0,5,0.2,0.4,1.6,45000000.0
170378,Destiny Udogie,73,Tottenham Hotspur FC,Italy,2002-11-28,23,Defence,Defender,0,0,0,0,0.2,0.4,1.6,30000000.0
177040,Archie Gray,73,Tottenham Hotspur FC,England,2006-03-12,20,Defence,Defender,0,0,0,0,0.2,0.4,1.6,35000000.0
1859,Dejan Kulusevski,73,Tottenham Hotspur FC,Sweden,2000-04-25,26,Midfield,Midfielder,0,0,0,0,0.2,0.4,1.6,17000000.0
2041,Rodrigo Bentancur,73,Tottenham Hotspur FC,Uruguay,1997-06-25,29,Midfield,Midfielder,0,0,0,0,0.2,0.4,1.6,20000000.0
2563,Sandro Tonali,73,Tottenham Hotspur FC,Italy,2000-05-08,26,Midfield,Midfielder,0,0,0,0,0.2,0.4,1.6,80000000.0
3992,James Maddison,73,Tottenham Hotspur FC,England,1996-11-23,29,Midfield,Midfielder,0,0,0,0,0.2,0.4,1.6,20000000.0
119265,Conor Gallagher,73,Tottenham Hotspur FC,England,2000-02-06,26,Midfield,Midfielder,1,0,0,5,0.2,0.4,1.6,32000000.0
187216,Mateus Fernandes,73,Tottenham Hotspur FC,Portugal,2004-07-10,22,Midfield,Midfielder,0,0,0,0,0.2,0.4,1.6,50000000.0
193622,Lucas Bergvall,73,Tottenham Hotspur FC,Sweden,2006-02-02,20,Midfield,Midfielder,0,0,0,0,0.2,0.4,1.6,35000000.0
7878,Dominic Solanke,73,Tottenham Hotspur FC,England,1997-09-14,29,Offence,Forward,0,0,0,0,0.2,0.4,1.6,28000000.0
8133,Richarlison,73,Tottenham Hotspur FC,Brazil,1997-05-10,29,Offence,Forward,0,0,0,0,0.2,0.4,1.6,25000000.0
66896,Omar Marmoush,73,Tottenham Hotspur FC,Egypt,1999-02-07,27,Offence,Forward,0,0,0,0,0.2,0.4,1.6,50000000.0
77399,Mohammed Kudus,73,Tottenham Hotspur FC,Ghana,2000-08-02,26,Offence,Forward,0,0,0,0,0.2,0.4,1.6,50000000.0
171977,Mathys Tel,73,Tottenham Hotspur FC,France,2005-04-27,21,Offence,Forward,0,0,0,0,0.2,0.4,1.6,22000000.0
184999,Wilson Odobert,73,Tottenham Hotspur FC,France,2004-11-28,21,Offence,Forward,0,0,0,0,0.2,0.4,1.6,18000000.0
3962,Matt Targett,322,Hull City AFC,England,1995-09-18,31,Defence,Defender,0,0,0,0,0.6,1.2,0.8,3000000.0
4058,Paddy McNair,322,Hull City AFC,Northern Ireland,1995-04-27,31,Defence,Defender,0,0,0,0,0.6,1.2,0.8,1500000.0
4425,John Egan,322,Hull City AFC,Ireland,1992-10-20,33,Defence,Defender,0,0,0,0,0.6,1.2,0.8,1000000.0
6451,Semi Ajayi,322,Hull City AFC,Nigeria,1993-11-09,32,Defence,Defender,1,0,0,5,0.6,1.2,0.8,700000.0
169326,Tim Iroegbunam,322,Hull City AFC,England,2002-08-12,24,Midfield,Midfielder,0,0,0,0,0.6,1.2,0.8,18000000.0
26444,Sorba Thomas,322,Hull City AFC,Wales,1999-08-22,27,Offence,Forward,0,0,0,0,0.6,1.2,0.8,14000000.0
5315,Alex Cairns,341,Leeds United FC,England,1993-01-04,33,Goalkeeper,Goalkeeper,0,0,0,0,0.7,1.4,0.6,50000.0
153874,James Trafford,341,Leeds United FC,England,2002-10-10,23,Goalkeeper,Goalkeeper,0,0,0,0,0.7,1.4,0.6,25000000.0
4184,Jayden Bogle,341,Leeds United FC,England,2000-07-27,26,Defence,Defender,2,0,0,5,0.7,1.4,0.6,15000000.0
5613,James Justin,341,Leeds United FC,England,1998-02-23,28,Defence,Defender,0,0,0,0,0.7,1.4,0.6,12000000.0
5714,Joe Rodon,341,Leeds United FC,Wales,1997-10-22,28,Defence,Defender,0,0,0,0,0.7,1.4,0.6,18000000.0
31531,Gabriel Gudmundsson,341,Leeds United FC,Sweden,1999-04-29,27,Defence,Defender,0,0,0,0,0.7,1.4,0.6,20000000.0
74688,Jaka Bijol,341,Leeds United FC,Slovenia,1999-02-05,27,Defence,Defender,0,0,0,0,0.7,1.4,0.6,20000000.0
4955,Sean Longstaff,341,Leeds United FC,England,1997-10-30,28,Midfield,Midfielder,0,0,0,0,0.7,1.4,0.6,15000000.0
7815,Ethan Ampadu,341,Leeds United FC,Wales,2000-09-14,26,Midfield,Midfielder,0,0,0,0,0.7,1.4,0.6,30000000.0
49105,Ao Tanaka,341,Leeds United FC,Japan,1998-09-10,28,Midfield,Midfielder,0,0,0,0,0.7,1.4,0.6,13000000.0
65843,Anton Stach,341,Leeds United FC,Germany,1998-11-15,27,Midfield,Midfielder,1,0,0,5,0.7,1.4,0.6,28000000.0
75284,Ilia Gruev,341,Leeds United FC,Bulgaria,2000-05-06,26,Midfield,Midfielder,0,0,0,0,0.7,1.4,0.6,12000000.0
113262,Brenden Aaronson,341,Leeds United FC,USA,2000-10-22,25,Midfield,Midfielder,0,0,0,0,0.7,1.4,0.6,22000000.0
7839,Dominic Calvert-Lewin,341,Leeds United FC,England,1997-03-16,29,Offence,Forward,2,1,0,5,0.7,1.4,0.6,22000000.0
7892,Lukas Nmecha,341,Leeds United FC,Germany,1998-12-14,27,Offence,Forward,0,0,0,0,0.7,1.4,0.6,10000000.0
7974,Daniel James,341,Leeds United FC,Wales,1997-11-10,28,Offence,Forward,0,0,0,0,0.7,1.4,0.6,10000000.0
11777,Harry Wilson,341,Leeds United FC,Wales,1997-03-22,29,Offence,Forward,0,0,0,0,0.7,1.4,0.6,25000000.0
16058,Noah Okafor,341,Leeds United FC,Switzerland,2000-05-24,26,Offence,Forward,1,0,0,5,0.7,1.4,0.6,25000000.0
8296,Issa Diop,349,Ipswich Town FC,France,1997-01-09,29,Defence,Defender,0,0,0,0,0.4,1.4,2.2,8000000.0
25650,Dara O'Shea,349,Ipswich Town FC,Ireland,1999-03-04,27,Defence,Defender,0,0,0,0,0.4,1.4,2.2,16000000.0
5999,Jack Taylor,349,Ipswich Town FC,Ireland,1998-06-23,28,Midfield,Midfielder,0,0,0,0,0.4,1.4,2.2,3000000.0
32938,Saša Lukić,349,Ipswich Town FC,Serbia,1996-08-13,30,Midfield,Midfielder,0,0,0,0,0.4,1.4,2.2,10000000.0
37560,Florentino,349,Ipswich Town FC,Portugal,1999-08-19,27,Midfield,Midfielder,0,0,0,0,0.4,1.4,2.2,16000000.0
140245,Marcelino Núñez,349,Ipswich Town FC,Chile,2000-03-01,26,Midfield,Midfielder,0,0,0,0,0.4,1.4,2.2,14000000.0
176777,Kasey McAteer,349,Ipswich Town FC,Ireland,2001-11-22,24,Midfield,Midfielder,0,0,0,0,0.4,1.4,2.2,10000000.0
67893,Zian Flemming,349,Ipswich Town FC,Netherlands,1998-08-01,28,Offence,Forward,1,0,0,3,0.4,1.4,2.2,12000000.0
3643,Matz Sels,351,Nottingham Forest FC,Belgium,1992-02-26,34,Goalkeeper,Goalkeeper,0,0,0,0,0.4,0.8,1.0,3500000.0
1775,Nikola Milenković,351,Nottingham Forest FC,Serbia,1997-10-12,28,Defence,Defender,0,0,0,0,0.4,0.8,1.0,28000000.0
3386,Ola Aina,351,Nottingham Forest FC,Nigeria,1996-10-08,29,Defence,Defender,0,0,0,0,0.4,0.8,1.0,18000000.0
22010,Daniel Muñoz,351,Nottingham Forest FC,Colombia,1996-05-26,30,Defence,Defender,0,0,0,0,0.4,0.8,1.0,22000000.0
133765,Neco Williams,351,Nottingham Forest FC,Wales,2001-04-13,25,Defence,Defender,0,0,0,0,0.4,0.8,1.0,28000000.0
191730,Nicolò Savona,351,Nottingham Forest FC,Italy,2003-03-19,23,Defence,Defender,0,0,0,0,0.4,0.8,1.0,15000000.0
192637,Murillo,351,Nottingham Forest FC,Brazil,2002-07-04,24,Defence,Defender,0,0,0,0,0.4,0.8,1.0,50000000.0
4091,Morgan Gibbs-White,351,Nottingham Forest FC,England,2000-01-27,26,Midfield,Midfielder,1,2,1,5,0.4,0.8,1.0,70000000.0
5435,Ryan Yates,351,Nottingham Forest FC,England,1997-11-21,28,Midfield,Midfielder,0,0,0,0,0.4,0.8,1.0,7000000.0
8307,Ibrahim Sangaré,351,Nottingham Forest FC,Ivory Coast,1997-12-02,28,Midfield,Midfielder,0,0,0,0,0.4,0.8,1.0,20000000.0
46346,Nicolás Domínguez,351,Nottingham Forest FC,Argentina,1998-06-28,28,Midfield,Midfielder,0,0,0,0,0.4,0.8,1.0,15000000.0
172956,James McAtee,351,Nottingham Forest FC,England,2002-10-18,23,Midfield,Midfielder,0,0,0,0,0.4,0.8,1.0,18000000.0
7816,Callum Hudson-Odoi,351,Nottingham Forest FC,England,2000-11-07,25,Offence,Forward,0,0,0,0,0.4,0.8,1.0,30000000.0
8057,Chris Wood,351,Nottingham Forest FC,New Zealand,1991-12-07,34,Offence,Forward,0,0,0,0,0.4,0.8,1.0,5000000.0
77641,Dan Ndoye,351,Nottingham Forest FC,Switzerland,2000-10-25,25,Offence,Forward,1,0,0,5,0.4,0.8,1.0,32000000.0
151095,Liam Delap,351,Nottingham Forest FC,England,2003-02-08,23,Offence,Forward,1,0,0,4,0.4,0.8,1.0,28000000.0
256339,Igor Jesus,351,Nottingham Forest FC,Brazil,2001-02-25,25,Offence,Forward,1,0,0,5,0.4,0.8,1.0,25000000.0
5457,Dean Henderson,354,Crystal Palace FC,England,1997-03-12,29,Goalkeeper,Goalkeeper,0,0,0,0,0.3,1.2,2.2,28000000.0
6413,Remi Matthews,354,Crystal Palace FC,England,1994-02-10,32,Goalkeeper,Goalkeeper,0,0,0,0,0.3,1.2,2.2,200000.0
8420,Walter Benítez,354,Crystal Palace FC,Argentina,1993-03-19,33,Goalkeeper,Goalkeeper,0,0,0,0,0.3,1.2,2.2,4000000.0
813,Axel Disasi,354,Crystal Palace FC,France,1998-03-11,28,Defence,Defender,0,0,0,0,0.3,1.2,2.2,15000000.0
99856,Chris Richards,354,Crystal Palace FC,USA,2000-03-28,26,Defence,Defender,0,0,0,0,0.3,1.2,2.2,28000000.0
137068,Tyrick Mitchell,354,Crystal Palace FC,England,1999-09-01,27,Defence,Defender,2,0,0,5,0.3,1.2,2.2,25000000.0
150948,Chadi Riad,354,Crystal Palace FC,Morocco,2003-06-17,23,Defence,Defender,0,0,0,0,0.3,1.2,2.2,15000000.0
260271,Jaydee Canvot,354,Crystal Palace FC,France,2006-07-29,20,Defence,Defender,0,0,0,0,0.3,1.2,2.2,28000000.0
3737,Jefferson Lerma,354,Crystal Palace FC,Colombia,1994-10-25,31,Midfield,Midfielder,0,0,0,0,0.3,1.2,2.2,6000000.0
6716,Daichi Kamada,354,Crystal Palace FC,Japan,1996-08-05,30,Midfield,Midfielder,0,0,0,0,0.3,1.2,2.2,10000000.0
8124,Will Hughes,354,Crystal Palace FC,England,1995-04-17,31,Midfield,Midfielder,0,0,0,0,0.3,1.2,2.2,5000000.0
74677,Cheick Doucouré,354,Crystal Palace FC,Mali,2000-01-08,26,Midfield,Midfielder,0,0,0,0,0.3,1.2,2.2,10000000.0
191396,Adam Wharton,354,Crystal Palace FC,England,2004-06-02,22,Midfield,Midfielder,0,0,0,0,0.3,1.2,2.2,70000000.0
641,Jean-Philippe Mateta,354,Crystal Palace FC,France,1997-06-28,29,Offence,Forward,0,0,0,0,0.3,1.2,2.2,30000000.0
3638,Ismaïla Sarr,354,Crystal Palace FC,Senegal,1998-02-25,28,Offence,Forward,0,0,0,0,0.3,1.2,2.2,40000000.0
7800,Eddie Nketiah,354,Crystal Palace FC,England,1999-05-30,27,Offence,Forward,0,0,0,0,0.3,1.2,2.2,10000000.0
11623,Dwight McNeil,354,Crystal Palace FC,England,1999-11-22,26,Offence,Forward,0,0,0,0,0.3,1.2,2.2,18000000.0
128710,Evann Guessand,354,Crystal Palace FC,Ivory Coast,2001-07-01,25,Offence,Forward,0,0,0,0,0.3,1.2,2.2,25000000.0
213269,Jørgen Strand Larsen,354,Crystal Palace FC,Norway,2000-02-06,26,Offence,Forward,1,0,0,5,0.3,1.2,2.2,40000000.0
4040,Jason Steele,397,Brighton & Hove Albion FC,England,1990-08-18,36,Goalkeeper,Goalkeeper,0,0,0,0,0.7,3.2,1.0,500000.0
126870,Bart Verbruggen,397,Brighton & Hove Albion FC,Netherlands,2002-08-18,24,Goalkeeper,Goalkeeper,0,0,0,0,0.7,3.2,1.0,40000000.0
846,Olivier Boscagli,397,Brighton & Hove Albion FC,France,1997-11-18,28,Defence,Defender,0,0,0,0,0.7,3.2,1.0,15000000.0
4146,Pascal Struijk,397,Brighton & Hove Albion FC,Netherlands,1999-08-11,27,Defence,Defender,0,0,0,0,0.7,3.2,1.0,22000000.0
8259,Lewis Dunk,397,Brighton & Hove Albion FC,England,1991-11-21,34,Defence,Defender,1,0,0,4,0.7,3.2,1.0,3500000.0
9869,Ferdi Kadıoğlu,397,Brighton & Hove Albion FC,Turkey,1999-10-07,26,Defence,Defender,0,0,0,0,0.7,3.2,1.0,35000000.0
97505,Mats Wieffer,397,Brighton & Hove Albion FC,Netherlands,1999-11-16,26,Defence,Defender,0,0,0,0,0.7,3.2,1.0,25000000.0
142075,Maxim De Cuyper,397,Brighton & Hove Albion FC,Belgium,2000-12-22,25,Defence,Defender,1,2,0,5,0.7,3.2,1.0,22000000.0
216835,Luka Vušković,397,Brighton & Hove Albion FC,Croatia,2007-02-24,19,Defence,Defender,1,0,0,5,0.7,3.2,1.0,60000000.0
145613,Yasin Ayari,397,Brighton & Hove Albion FC,Sweden,2003-10-06,22,Midfield,Midfielder,1,1,0,4,0.7,3.2,1.0,35000000.0
178951,Diego Gómez,397,Brighton & Hove Albion FC,Paraguay,2003-03-27,23,Midfield,Midfielder,0,0,0,0,0.7,3.2,1.0,25000000.0
190851,Jack Hinshelwood,397,Brighton & Hove Albion FC,England,2005-04-11,21,Midfield,Midfielder,2,0,0,1,0.7,3.2,1.0,28000000.0
246670,Malick Yalcouyé,397,Brighton & Hove Albion FC,Mali,2005-11-18,20,Midfield,Midfielder,2,0,0,5,0.7,3.2,1.0,12000000.0
81189,Georginio Rutter,397,Brighton & Hove Albion FC,France,2002-04-20,24,Offence,Forward,0,0,0,0,0.7,3.2,1.0,30000000.0
132707,Kaoru Mitoma,397,Brighton & Hove Albion FC,Japan,1997-05-20,29,Offence,Forward,0,0,0,0,0.7,3.2,1.0,22000000.0
209504,Stefanos Tzimas,397,Brighton & Hove Albion FC,Greece,2006-01-06,20,Offence,Forward,0,0,0,0,0.7,3.2,1.0,18000000.0
264300,Charalampos Kostoulas,397,Brighton & Hove Albion FC,Greece,2007-05-30,19,Offence,Forward,2,1,0,5,0.7,3.2,1.0,25000000.0
4419,Ellery Balcombe,402,Brentford FC,England,1999-10-15,26,Goalkeeper,Goalkeeper,0,0,0,0,0.7,2.0,0.8,400000.0
102046,Caoimhin Kelleher,402,Brentford FC,Ireland,1998-11-23,27,Goalkeeper,Goalkeeper,0,0,0,0,0.7,2.0,0.8,28000000.0
4426,Rico Henry,402,Brentford FC,Jamaica,1997-07-08,29,Defence,Defender,0,0,0,0,0.7,2.0,0.8,13000000.0
7720,Sepp van den Berg,402,Brentford FC,Netherlands,2001-12-20,24,Defence,Defender,0,0,0,0,0.7,2.0,0.8,32000000.0
16068,Kristoffer Ajer,402,Brentford FC,Norway,1998-04-17,28,Defence,Defender,0,0,0,0,0.7,2.0,0.8,18000000.0
101111,Aaron Hickey,402,Brentford FC,Scotland,2002-01-01,24,Defence,Defender,0,0,0,0,0.7,2.0,0.8,16000000.0
115642,Nathan Collins,402,Brentford FC,Ireland,2001-04-30,25,Defence,Defender,0,0,0,0,0.7,2.0,0.8,30000000.0
193633,El Hadji Malick Diouf,402,Brentford FC,Senegal,2023-02-21,3,Defence,Defender,0,0,0,0,0.7,2.0,0.8,28000000.0
204348,Michael Kayode,402,Brentford FC,Italy,2004-07-10,22,Defence,Defender,1,0,0,5,0.7,2.0,0.8,40000000.0
7796,Josh Dasilva,402,Brentford FC,England,1998-10-23,27,Midfield,Midfielder,0,0,0,0,0.7,2.0,0.8,1500000.0
10000,Vitaly Janelt,402,Brentford FC,Germany,1998-05-10,28,Midfield,Midfielder,2,0,0,5,0.7,2.0,0.8,16000000.0
10194,Mathias Jensen,402,Brentford FC,Denmark,1996-01-01,30,Midfield,Midfielder,0,0,0,0,0.7,2.0,0.8,10000000.0
24238,Mikkel Damsgaard,402,Brentford FC,Denmark,2000-07-03,26,Midfield,Midfielder,0,0,0,0,0.7,2.0,0.8,30000000.0
101910,Keane Lewis-Potter,402,Brentford FC,England,2001-02-22,25,Midfield,Midfielder,1,1,0,5,0.7,2.0,0.8,25000000.0
151119,Fabio Carvalho,402,Brentford FC,Portugal,2002-08-30,24,Midfield,Midfielder,1,0,0,4,0.7,2.0,0.8,8000000.0
171965,Antoni Milambo,402,Brentford FC,Netherlands,2005-04-03,21,Midfield,Midfielder,0,0,0,0,0.7,2.0,0.8,15000000.0
204421,Yegor Yarmolyuk,402,Brentford FC,Ukraine,2004-03-01,22,Midfield,Midfielder,0,0,0,0,0.7,2.0,0.8,32000000.0
8251,Callum Wilson,402,Brentford FC,England,1992-02-27,34,Offence,Forward,0,0,0,0,0.7,2.0,0.8,4000000.0
123286,Kevin Schade,402,Brentford FC,Germany,2001-11-27,24,Offence,Forward,3,0,0,5,0.7,2.0,0.8,35000000.0
150778,Jaidon Anthony,402,Brentford FC,England,1999-12-01,26,Offence,Forward,1,0,0,5,0.7,2.0,0.8,20000000.0
177305,Dango Ouattara,402,Brentford FC,Burkina Faso,2002-02-11,24,Offence,Forward,0,0,0,0,0.7,2.0,0.8,35000000.0
8079,Fraser Forster,1044,AFC Bournemouth,England,1988-03-17,38,Goalkeeper,Goalkeeper,0,0,0,0,0.3,1.2,1.6,400000.0
8231,Adam Smith,1044,AFC Bournemouth,England,1991-04-29,35,Defence,Defender,0,0,0,0,0.3,1.2,1.6,300000.0
82145,James Hill,1044,AFC Bournemouth,England,2002-01-10,24,Defence,Defender,0,0,0,0,0.3,1.2,1.6,23000000.0
98745,Bafodé Diakité,1044,AFC Bournemouth,France,2001-01-06,25,Defence,Defender,0,0,0,0,0.3,1.2,1.6,25000000.0
113335,Julian Araujo,1044,AFC Bournemouth,USA,2001-08-13,25,Defence,Defender,0,0,0,0,0.3,1.2,1.6,8000000.0
135482,Adrien Truffert,1044,AFC Bournemouth,France,2001-11-20,24,Defence,Defender,0,0,0,0,0.3,1.2,1.6,30000000.0
183583,Julio Soler,1044,AFC Bournemouth,Argentina,2005-02-16,21,Defence,Defender,0,0,0,0,0.3,1.2,1.6,8000000.0
227046,Veljko Milosavljević,1044,AFC Bournemouth,Serbia,2007-06-28,19,Defence,Defender,0,0,0,0,0.3,1.2,1.6,20000000.0
3327,Lewis Cook,1044,AFC Bournemouth,England,1997-02-03,29,Midfield,Midfielder,0,0,0,0,0.3,1.2,1.6,11000000.0
6396,Marcus Tavernier,1044,AFC Bournemouth,England,1999-03-22,27,Midfield,Midfielder,3,0,0,5,0.3,1.2,1.6,25000000.0
7561,Justin Kluivert,1044,AFC Bournemouth,Netherlands,1999-05-05,27,Midfield,Midfielder,1,0,0,4,0.3,1.2,1.6,25000000.0
34495,Ryan Christie,1044,AFC Bournemouth,Scotland,1995-02-22,31,Midfield,Midfielder,0,0,0,0,0.3,1.2,1.6,8000000.0
77596,Tyler Adams,1044,AFC Bournemouth,USA,1999-02-14,27,Midfield,Midfielder,0,0,0,0,0.3,1.2,1.6,25000000.0
161088,Alex Scott,1044,AFC Bournemouth,England,2003-08-21,23,Midfield,Midfielder,1,0,0,5,0.3,1.2,1.6,50000000.0
192316,Alex Toth,1044,AFC Bournemouth,Hungary,2005-10-23,20,Midfield,Midfielder,0,0,0,0,0.3,1.2,1.6,12000000.0
273152,Ben Winterburn,1044,AFC Bournemouth,England,2004-09-04,22,Midfield,Midfielder,0,0,0,0,0.3,1.2,1.6,450000.0
4321,David Brooks,1044,AFC Bournemouth,Wales,1997-07-08,29,Offence,Forward,0,0,0,0,0.3,1.2,1.6,12000000.0
131260,Evanilson,1044,AFC Bournemouth,Brazil,1999-10-06,26,Offence,Forward,0,0,0,0,0.3,1.2,1.6,35000000.0
137047,Amine Adli,1044,AFC Bournemouth,Morocco,2000-05-10,26,Offence,Forward,0,0,0,0,0.3,1.2,1.6,20000000.0
203356,Rayan,1044,AFC Bournemouth,Brazil,2006-08-03,20,Offence,Forward,0,0,0,0,0.3,1.2,1.6,60000000.0
4418,Daniel Bentley,1076,Coventry City FC,England,1993-07-13,33,Goalkeeper,Goalkeeper,0,0,0,0,0.2,0.2,2.0,800000.0
171498,Carl Rushworth,1076,Coventry City FC,England,2001-07-02,25,Goalkeeper,Goalkeeper,0,0,0,0,0.2,0.2,2.0,16000000.0
4334,Ethan Pinnock,1076,Coventry City FC,Jamaica,1993-05-29,33,Defence,Defender,0,0,0,0,0.2,0.2,2.0,3000000.0
24210,Frank Onyeka,1076,Coventry City FC,Nigeria,1998-01-01,28,Midfield,Midfielder,0,0,0,0,0.2,0.2,2.0,8000000.0
9218,Taiwo Awoniyi,1076,Coventry City FC,Nigeria,1997-08-12,29,Offence,Forward,0,0,0,0,0.2,0.2,2.0,8000000.0
170394,Loum Tchaouna,1076,Coventry City FC,France,2003-09-08,23,Offence,Forward,0,0,0,0,0.2,0.2,2.0,13000000.0
